component_id,total_voxels,internal_voxels,external_voxels,%_of_internal_voxels,%_of_external_voxels,voxels
1,4,0,4,0.0,100.0,"[0, 1, 5, 8]"
2,24,0,24,0.0,100.0,"[2, 3, 4, 6, 7, 13, 14, 15, 16, 23, 24, 25, 26, 27, 42, 43, 44, 45, 54, 55, 56, 57, 81, 82]"
3,8,0,8,0.0,100.0,"[9, 18, 19, 20, 34, 35, 36, 37]"
4,1,0,1,0.0,100.0,[10]
5,5,0,5,0.0,100.0,"[11, 12, 22, 40, 41]"
6,2763,114,2649,4.13,95.87,"[17, 28, 29, 30, 31, 32, 33, 46, 47, 48, 49, 50, 51, 52, 53, 58, 59, 60, 61, 62, 63, 64, 65, 66, 67, 68, 69, 70, 71, 72, 73, 74, 75, 80, 83, 84, 85, 86, 87, 88, 89, 90, 91, 92, 93, 94, 95, 96, 97, 98, 99, 100, 101, 102, 103, 104, 105, 106, 107, 108, 110, 111, 112, 113, 114, 116, 117, 119, 120, 121, 122, 123, 124, 125, 126, 127, 128, 129, 130, 131, 132, 133, 134, 135, 136, 137, 138, 139, 140, 141, 142, 143, 144, 145, 146, 147, 148, 149, 150, 151, 152, 153, 154, 155, 156, 157, 158, 159, 160, 161, 162, 163, 164, 165, 166, 167, 168, 169, 170, 171, 172, 173, 174, 175, 176, 177, 178, 179, 180, 181, 182, 183, 184, 185, 186, 187, 188, 189, 190, 191, 192, 194, 195, 196, 197, 198, 199, 200, 201, 202, 203, 204, 205, 206, 207, 208, 209, 210, 211, 212, 213, 214, 215, 216, 217, 218, 219, 220, 221, 222, 223, 224, 225, 226, 227, 228, 229, 230, 231, 232, 233, 234, 235, 236, 237, 238, 239, 240, 241, 242, 243, 244, 245, 246, 247, 248, 249, 250, 251, 252, 253, 254, 256, 257, 259, 260, 261, 262, 263, 264, 265, 266, 267, 268, 269, 270, 271, 272, 273, 274, 275, 276, 277, 278, 279, 280, 281, 282, 283, 284, 285, 286, 287, 288, 289, 290, 291, 292, 293, 294, 295, 296, 297, 298, 299, 300, 301, 302, 303, 304, 305, 306, 307, 308, 309, 310, 311, 312, 313, 314, 315, 316, 317, 318, 319, 320, 321, 322, 323, 324, 325, 326, 327, 328, 329, 330, 331, 333, 334, 335, 337, 338, 340, 341, 342, 344, 345, 347, 348, 349, 350, 351, 352, 353, 354, 355, 356, 357, 358, 359, 360, 361, 362, 363, 364, 365, 366, 367, 368, 369, 370, 371, 372, 373, 374, 375, 376, 378, 379, 380, 381, 382, 383, 384, 385, 386, 387, 388, 389, 390, 391, 392, 393, 394, 395, 396, 397, 398, 399, 400, 401, 402, 403, 404, 405, 406, 407, 408, 410, 411, 412, 413, 414, 415, 416, 417, 418, 419, 420, 421, 422, 424, 425, 426, 428, 429, 431, 432, 434, 436, 437, 438, 439, 440, 441, 442, 443, 444, 445, 446, 447, 448, 449, 450, 451, 452, 453, 454, 455, 456, 457, 458, 459, 460, 461, 462, 463, 464, 465, 466, 467, 468, 469, 470, 471, 472, 473, 474, 475, 476, 477, 478, 479, 480, 481, 482, 483, 484, 486, 488, 490, 491, 492, 493, 494, 495, 496, 497, 498, 499, 500, 501, 502, 503, 504, 505, 506, 507, 508, 509, 511, 512, 513, 515, 517, 518, 520, 521, 522, 523, 524, 525, 526, 527, 528, 529, 530, 531, 532, 533, 534, 535, 536, 537, 538, 539, 540, 541, 542, 543, 544, 545, 546, 547, 548, 549, 550, 551, 552, 553, 554, 555, 556, 557, 558, 559, 560, 561, 562, 563, 564, 565, 566, 567, 568, 569, 570, 571, 572, 573, 574, 575, 576, 577, 578, 579, 580, 581, 582, 583, 584, 585, 586, 587, 588, 589, 590, 591, 592, 593, 594, 595, 596, 597, 598, 599, 600, 601, 602, 603, 604, 605, 607, 608, 609, 610, 611, 612, 613, 614, 615, 616, 617, 618, 619, 620, 621, 622, 623, 624, 625, 626, 627, 629, 630, 632, 633, 635, 636, 638, 639, 640, 641, 642, 643, 644, 645, 646, 647, 648, 649, 650, 651, 652, 653, 654, 655, 656, 657, 658, 659, 660, 661, 662, 663, 664, 665, 666, 667, 668, 669, 670, 671, 672, 673, 674, 675, 676, 677, 678, 679, 680, 681, 682, 683, 684, 685, 686, 687, 688, 689, 690, 691, 692, 693, 694, 695, 696, 697, 698, 699, 700, 701, 702, 703, 704, 705, 706, 707, 708, 709, 710, 711, 712, 713, 714, 715, 716, 717, 718, 719, 720, 721, 722, 723, 724, 725, 726, 727, 729, 730, 731, 733, 734, 735, 737, 738, 739, 740, 741, 742, 743, 744, 745, 746, 747, 748, 749, 750, 751, 752, 754, 755, 756, 757, 758, 759, 760, 761, 762, 763, 764, 765, 766, 767, 768, 769, 770, 771, 772, 773, 774, 775, 776, 777, 778, 779, 780, 781, 782, 783, 784, 785, 786, 787, 788, 789, 790, 791, 792, 793, 794, 795, 796, 797, 798, 799, 800, 801, 802, 803, 804, 805, 806, 807, 808, 809, 810, 811, 812, 813, 814, 815, 816, 817, 818, 819, 820, 821, 822, 823, 824, 825, 826, 827, 828, 829, 830, 831, 832, 833, 834, 835, 836, 837, 838, 839, 840, 841, 842, 843, 844, 845, 846, 847, 848, 849, 850, 851, 852, 853, 854, 855, 856, 857, 859, 860, 861, 863, 864, 865, 867, 868, 869, 870, 871, 872, 873, 874, 875, 876, 880, 881, 882, 883, 884, 885, 886, 887, 888, 889, 890, 891, 892, 893, 894, 895, 896, 897, 898, 899, 900, 901, 902, 903, 904, 905, 906, 907, 908, 909, 910, 911, 912, 913, 914, 915, 916, 917, 918, 919, 920, 921, 922, 923, 924, 925, 926, 927, 928, 929, 930, 931, 932, 933, 934, 935, 936, 937, 938, 939, 940, 941, 942, 943, 944, 945, 946, 947, 948, 949, 950, 952, 953, 954, 955, 956, 958, 959, 961, 963, 964, 965, 966, 968, 969, 970, 971, 972, 973, 975, 976, 978, 980, 981, 983, 984, 985, 986, 987, 988, 989, 990, 991, 992, 993, 994, 995, 996, 997, 998, 999, 1000, 1001, 1002, 1003, 1004, 1005, 1006, 1007, 1008, 1009, 1010, 1011, 1012, 1013, 1014, 1015, 1016, 1017, 1018, 1019, 1020, 1021, 1022, 1023, 1024, 1025, 1026, 1027, 1028, 1029, 1030, 1031, 1032, 1033, 1034, 1035, 1036, 1037, 1038, 1039, 1040, 1041, 1042, 1043, 1044, 1045, 1046, 1047, 1048, 1049, 1050, 1051, 1052, 1053, 1055, 1057, 1058, 1059, 1061, 1062, 1064, 1066, 1067, 1068, 1069, 1070, 1072, 1074, 1075, 1076, 1077, 1079, 1080, 1082, 1083, 1085, 1086, 1088, 1089, 1090, 1091, 1092, 1096, 1097, 1098, 1099, 1100, 1101, 1102, 1104, 1105, 1106, 1107, 1108, 1109, 1110, 1111, 1112, 1113, 1114, 1115, 1116, 1117, 1118, 1119, 1120, 1121, 1122, 1123, 1124, 1125, 1126, 1127, 1128, 1129, 1130, 1131, 1132, 1133, 1134, 1135, 1136, 1137, 1138, 1139, 1140, 1141, 1142, 1143, 1144, 1145, 1146, 1147, 1148, 1149, 1150, 1151, 1152, 1153, 1154, 1155, 1156, 1157, 1158, 1159, 1160, 1161, 1162, 1163, 1164, 1165, 1166, 1167, 1168, 1169, 1170, 1171, 1172, 1173, 1174, 1176, 1178, 1180, 1181, 1182, 1183, 1184, 1185, 1186, 1187, 1188, 1189, 1190, 1191, 1192, 1195, 1196, 1197, 1199, 1200, 1202, 1203, 1204, 1205, 1206, 1208, 1209, 1210, 1212, 1214, 1215, 1216, 1217, 1218, 1219, 1220, 1221, 1222, 1223, 1225, 1227, 1228, 1229, 1230, 1231, 1232, 1233, 1236, 1237, 1238, 1239, 1240, 1241, 1242, 1243, 1244, 1245, 1246, 1247, 1248, 1249, 1250, 1251, 1252, 1253, 1254, 1255, 1256, 1257, 1258, 1259, 1260, 1261, 1262, 1263, 1264, 1265, 1266, 1267, 1268, 1270, 1271, 1272, 1273, 1274, 1275, 1276, 1277, 1278, 1279, 1280, 1281, 1282, 1283, 1284, 1285, 1286, 1287, 1288, 1289, 1290, 1291, 1292, 1293, 1294, 1296, 1298, 1299, 1300, 1301, 1302, 1303, 1304, 1305, 1306, 1307, 1308, 1309, 1310, 1311, 1312, 1313, 1314, 1315, 1316, 1317, 1318, 1319, 1320, 1321, 1322, 1323, 1324, 1325, 1326, 1327, 1328, 1329, 1330, 1331, 1332, 1333, 1334, 1335, 1336, 1338, 1339, 1340, 1342, 1343, 1344, 1345, 1346, 1347, 1348, 1349, 1350, 1352, 1354, 1355, 1356, 1357, 1358, 1360, 1361, 1362, 1363, 1365, 1366, 1371, 1372, 1373, 1374, 1375, 1376, 1377, 1378, 1379, 1380, 1381, 1382, 1383, 1384, 1385, 1386, 1387, 1388, 1389, 1390, 1391, 1392, 1393, 1394, 1395, 1396, 1397, 1398, 1399, 1400, 1401, 1402, 1403, 1404, 1405, 1406, 1407, 1408, 1409, 1410, 1411, 1412, 1413, 1414, 1415, 1416, 1417, 1418, 1419, 1420, 1421, 1422, 1423, 1424, 1425, 1426, 1427, 1428, 1429, 1430, 1436, 1437, 1438, 1439, 1440, 1441, 1442, 1443, 1444, 1445, 1446, 1447, 1448, 1449, 1450, 1451, 1452, 1453, 1454, 1455, 1456, 1457, 1458, 1459, 1460, 1461, 1462, 1463, 1464, 1465, 1466, 1467, 1468, 1469, 1470, 1471, 1472, 1473, 1474, 1475, 1476, 1477, 1478, 1479, 1480, 1481, 1482, 1483, 1485, 1486, 1487, 1488, 1489, 1490, 1491, 1492, 1493, 1494, 1495, 1496, 1501, 1503, 1504, 1506, 1507, 1508, 1509, 1510, 1511, 1512, 1513, 1515, 1517, 1518, 1519, 1520, 1521, 1522, 1523, 1524, 1525, 1526, 1527, 1528, 1529, 1530, 1531, 1532, 1533, 1534, 1535, 1536, 1537, 1538, 1539, 1540, 1541, 1542, 1543, 1544, 1545, 1546, 1547, 1548, 1549, 1550, 1551, 1552, 1553, 1554, 1555, 1556, 1557, 1558, 1559, 1560, 1561, 1562, 1563, 1564, 1565, 1566, 1567, 1568, 1569, 1570, 1571, 1572, 1573, 1574, 1575, 1576, 1577, 1580, 1581, 1582, 1584, 1585, 1586, 1593, 1594, 1595, 1596, 1597, 1598, 1599, 1600, 1604, 1605, 1606, 1607, 1608, 1610, 1612, 1613, 1614, 1615, 1616, 1617, 1618, 1619, 1620, 1621, 1622, 1623, 1624, 1625, 1626, 1627, 1628, 1629, 1630, 1631, 1632, 1633, 1634, 1635, 1636, 1637, 1638, 1639, 1640, 1641, 1642, 1645, 1646, 1647, 1648, 1649, 1650, 1651, 1652, 1653, 1655, 1656, 1657, 1658, 1659, 1660, 1661, 1662, 1663, 1664, 1665, 1666, 1667, 1668, 1669, 1670, 1671, 1672, 1675, 1676, 1679, 1680, 1683, 1685, 1687, 1688, 1689, 1690, 1691, 1692, 1693, 1694, 1695, 1696, 1697, 1698, 1699, 1700, 1702, 1703, 1704, 1705, 1706, 1707, 1708, 1712, 1713, 1714, 1715, 1716, 1717, 1718, 1719, 1720, 1721, 1722, 1723, 1724, 1725, 1726, 1727, 1728, 1729, 1730, 1731, 1732, 1733, 1734, 1735, 1736, 1737, 1738, 1739, 1740, 1741, 1742, 1746, 1747, 1748, 1749, 1750, 1751, 1752, 1753, 1754, 1755, 1756, 1757, 1758, 1759, 1760, 1763, 1764, 1765, 1766, 1767, 1768, 1769, 1770, 1771, 1772, 1773, 1774, 1775, 1776, 1777, 1778, 1782, 1783, 1786, 1787, 1790, 1791, 1793, 1794, 1795, 1796, 1797, 1798, 1799, 1800, 1801, 1802, 1803, 1804, 1805, 1806, 1807, 1808, 1809, 1810, 1811, 1812, 1813, 1815, 1816, 1817, 1818, 1819, 1820, 1823, 1824, 1825, 1826, 1827, 1828, 1829, 1830, 1831, 1832, 1833, 1834, 1835, 1836, 1837, 1838, 1839, 1840, 1841, 1842, 1843, 1844, 1845, 1846, 1847, 1848, 1849, 1850, 1851, 1852, 1853, 1854, 1855, 1856, 1858, 1860, 1861, 1862, 1863, 1864, 1865, 1866, 1867, 1868, 1869, 1870, 1871, 1872, 1873, 1874, 1875, 1876, 1877, 1878, 1879, 1880, 1881, 1882, 1883, 1884, 1885, 1886, 1887, 1888, 1889, 1890, 1891, 1892, 1893, 1894, 1897, 1900, 1901, 1902, 1903, 1904, 1905, 1906, 1907, 1908, 1909, 1910, 1912, 1913, 1915, 1916, 1917, 1919, 1920, 1922, 1923, 1925, 1926, 1928, 1929, 1930, 1931, 1932, 1933, 1934, 1935, 1937, 1939, 1940, 1941, 1942, 1943, 1944, 1945, 1946, 1947, 1948, 1949, 1957, 1958, 1959, 1960, 1961, 1962, 1963, 1964, 1965, 1966, 1967, 1968, 1969, 1970, 1971, 1972, 1973, 1974, 1975, 1976, 1977, 1978, 1979, 1980, 1981, 1982, 1983, 1984, 1985, 1986, 1987, 1988, 1989, 1990, 1991, 1992, 1993, 1994, 1995, 1996, 1997, 1998, 1999, 2000, 2001, 2002, 2003, 2004, 2005, 2006, 2007, 2008, 2009, 2010, 2011, 2012, 2013, 2014, 2015, 2016, 2017, 2018, 2019, 2020, 2021, 2022, 2023, 2024, 2025, 2026, 2027, 2028, 2029, 2031, 2032, 2033, 2035, 2036, 2037, 2038, 2039, 2040, 2041, 2042, 2043, 2045, 2047, 2049, 2050, 2051, 2052, 2053, 2054, 2055, 2056, 2057, 2058, 2059, 2060, 2061, 2062, 2063, 2064, 2065, 2066, 2068, 2069, 2071, 2072, 2074, 2075, 2077, 2078, 2080, 2081, 2083, 2084, 2085, 2087, 2088, 2089, 2091, 2092, 2094, 2095, 2096, 2097, 2098, 2099, 2100, 2101, 2102, 2103, 2104, 2105, 2106, 2107, 2108, 2109, 2110, 2111, 2112, 2121, 2122, 2123, 2124, 2125, 2126, 2127, 2128, 2129, 2130, 2131, 2132, 2133, 2134, 2135, 2136, 2137, 2138, 2139, 2140, 2141, 2142, 2143, 2144, 2145, 2146, 2147, 2148, 2149, 2150, 2151, 2152, 2153, 2154, 2155, 2157, 2158, 2160, 2161, 2162, 2163, 2164, 2165, 2166, 2167, 2168, 2169, 2170, 2171, 2172, 2173, 2174, 2175, 2176, 2177, 2178, 2179, 2180, 2181, 2182, 2183, 2184, 2185, 2186, 2187, 2188, 2189, 2190, 2191, 2192, 2193, 2194, 2195, 2196, 2197, 2198, 2199, 2200, 2201, 2202, 2204, 2205, 2206, 2207, 2208, 2209, 2210, 2211, 2213, 2215, 2216, 2217, 2218, 2219, 2220, 2221, 2222, 2223, 2224, 2225, 2227, 2228, 2230, 2231, 2232, 2233, 2234, 2235, 2236, 2238, 2239, 2240, 2241, 2242, 2243, 2244, 2245, 2247, 2248, 2249, 2250, 2251, 2252, 2253, 2254, 2255, 2256, 2257, 2258, 2259, 2260, 2261, 2262, 2263, 2264, 2265, 2266, 2267, 2268, 2269, 2270, 2271, 2272, 2273, 2274, 2275, 2276, 2277, 2278, 2279, 2281, 2282, 2283, 2284, 2285, 2286, 2288, 2290, 2293, 2294, 2295, 2296, 2297, 2298, 2299, 2300, 2301, 2302, 2303, 2304, 2305, 2306, 2307, 2308, 2309, 2310, 2311, 2312, 2313, 2314, 2315, 2316, 2317, 2318, 2319, 2320, 2321, 2322, 2323, 2325, 2326, 2327, 2328, 2330, 2331, 2332, 2333, 2334, 2335, 2336, 2337, 2338, 2339, 2340, 2341, 2342, 2343, 2344, 2345, 2346, 2347, 2348, 2349, 2350, 2351, 2352, 2353, 2354, 2355, 2356, 2357, 2358, 2359, 2360, 2361, 2362, 2363, 2364, 2365, 2366, 2367, 2368, 2369, 2370, 2371, 2372, 2373, 2374, 2375, 2376, 2377, 2378, 2379, 2380, 2381, 2382, 2383, 2384, 2385, 2386, 2387, 2388, 2389, 2390, 2391, 2392, 2393, 2394, 2395, 2396, 2397, 2398, 2399, 2400, 2401, 2402, 2403, 2404, 2406, 2408, 2409, 2410, 2411, 2412, 2413, 2414, 2415, 2416, 2417, 2418, 2419, 2420, 2421, 2422, 2423, 2424, 2425, 2426, 2427, 2428, 2429, 2430, 2431, 2432, 2433, 2434, 2435, 2436, 2437, 2438, 2439, 2440, 2441, 2442, 2443, 2444, 2445, 2446, 2447, 2448, 2449, 2450, 2451, 2452, 2453, 2454, 2455, 2456, 2457, 2459, 2460, 2461, 2462, 2463, 2464, 2465, 2466, 2467, 2468, 2475, 2476, 2477, 2478, 2479, 2480, 2481, 2482, 2483, 2484, 2485, 2486, 2487, 2488, 2489, 2490, 2491, 2492, 2493, 2494, 2495, 2496, 2497, 2498, 2499, 2500, 2501, 2503, 2504, 2505, 2506, 2508, 2509, 2510, 2511, 2512, 2513, 2514, 2515, 2516, 2517, 2518, 2519, 2520, 2521, 2522, 2523, 2524, 2525, 2526, 2527, 2528, 2529, 2530, 2531, 2532, 2533, 2534, 2535, 2536, 2537, 2538, 2539, 2540, 2541, 2543, 2545, 2546, 2547, 2548, 2549, 2550, 2551, 2552, 2553, 2554, 2555, 2556, 2557, 2558, 2559, 2562, 2564, 2565, 2566, 2567, 2568, 2569, 2570, 2571, 2572, 2573, 2574, 2575, 2576, 2577, 2578, 2579, 2580, 2581, 2582, 2583, 2584, 2585, 2587, 2588, 2589, 2590, 2591, 2593, 2594, 2595, 2596, 2597, 2598, 2599, 2601, 2603, 2604, 2605, 2606, 2607, 2608, 2609, 2610, 2611, 2612, 2613, 2614, 2615, 2616, 2617, 2618, 2619, 2620, 2621, 2622, 2623, 2624, 2626, 2627, 2628, 2630, 2631, 2632, 2633, 2634, 2635, 2636, 2637, 2638, 2648, 2649, 2650, 2651, 2652, 2653, 2654, 2655, 2656, 2657, 2658, 2659, 2660, 2661, 2662, 2663, 2664, 2665, 2666, 2667, 2668, 2669, 2670, 2671, 2672, 2673, 2674, 2675, 2676, 2677, 2678, 2679, 2680, 2681, 2682, 2683, 2684, 2685, 2686, 2687, 2688, 2689, 2690, 2691, 2692, 2693, 2694, 2695, 2696, 2697, 2698, 2699, 2700, 2701, 2702, 2703, 2704, 2705, 2706, 2707, 2708, 2709, 2710, 2711, 2712, 2713, 2715, 2716, 2718, 2719, 2720, 2721, 2722, 2723, 2724, 2725, 2726, 2727, 2728, 2730, 2731, 2732, 2734, 2735, 2736, 2737, 2738, 2740, 2741, 2743, 2744, 2745, 2746, 2747, 2748, 2750, 2751, 2752, 2753, 2754, 2755, 2756, 2757, 2758, 2759, 2760, 2761, 2762, 2763, 2764, 2765, 2766, 2767, 2768, 2769, 2770, 2771, 2772, 2773, 2774, 2775, 2776, 2777, 2778, 2780, 2781, 2782, 2783, 2784, 2785, 2786, 2788, 2789, 2790, 2791, 2792, 2793, 2794, 2795, 2796, 2797, 2798, 2799, 2800, 2801, 2802, 2804, 2805, 2806, 2807, 2808, 2809, 2810, 2811, 2817, 2818, 2819, 2820, 2821, 2822, 2823, 2824, 2825, 2826, 2827, 2828, 2829, 2830, 2831, 2832, 2833, 2834, 2835, 2836, 2837, 2838, 2840, 2841, 2842, 2843, 2844, 2845, 2847, 2849, 2851, 2852, 2853, 2855, 2856, 2858, 2859, 2860, 2861, 2862, 2863, 2868, 2869, 2873, 2874, 2875, 2876, 2877, 2878, 2879, 2880, 2881, 2882, 2883, 2885, 2886, 2887, 2888, 2889, 2890, 2891, 2892, 2895, 2896, 2897, 2898, 2899, 2900, 2901, 2902, 2903, 2905, 2906, 2907, 2908, 2909, 2910, 2917, 2918, 2919, 2920, 2921, 2922, 2923, 2924, 2925, 2926, 2927, 2928, 2929, 2930, 2931, 2932, 2934, 2935, 2936, 2937, 2938, 2939, 2940, 2941, 2942, 2944, 2947, 2950, 2953, 2957, 2960, 2970, 2971, 2972, 2973, 2974, 2975, 2982, 2983, 2984, 2985, 2986, 2987, 2988, 2989, 2991, 2992, 2993, 2994, 2995, 2996, 2997, 2998, 2999, 3000, 3001, 3007, 3008, 3009, 3010, 3012, 3013, 3014, 3015, 3016, 3018, 3020, 3023, 3024, 3025, 3028, 3030, 3034, 3035, 3038, 3039, 3040, 3041, 3043, 3044, 3046, 3047, 3048, 3049, 3050, 3052, 3053, 3054, 3055, 3061, 3062, 3063, 3066, 3067, 3068, 3074, 3078, 3081, 3084, 3086, 3091, 3100, 3101, 3102, 3103, 3104, 3105, 3108, 3109, 3110, 3111, 3112, 3124, 3125, 3130, 3133, 3154, 3155, 3156, 3157, 3165, 3166, 3167, 3168, 3169, 3170, 3171, 3172, 3177, 3178, 3179, 3180, 3181, 3189, 3192, 3193, 3194, 3225, 3226, 3227, 3228, 3229, 3230, 3231, 3232, 3233, 3238, 3239, 3240, 3241, 3242, 3243, 3256, 3259, 3286, 3287, 3289, 3290, 3291, 3293, 3294, 3301, 3302, 3303, 3304, 3319, 3320, 3339, 3340, 3364, 3365, 3408, 3409]"
7,3,0,3,0.0,100.0,"[21, 38, 39]"
8,2,0,2,0.0,100.0,"[76, 109]"
9,1,0,1,0.0,100.0,[77]
10,2,0,2,0.0,100.0,"[78, 79]"
11,1,0,1,0.0,100.0,[115]
12,1,0,1,0.0,100.0,[118]
13,1,0,1,0.0,100.0,[193]
14,1,0,1,0.0,100.0,[255]
15,1,0,1,0.0,100.0,[258]
16,13,0,13,0.0,100.0,"[332, 336, 339, 343, 346, 423, 427, 430, 433, 435, 514, 516, 519]"
17,1,0,1,0.0,100.0,[377]
18,2,0,2,0.0,100.0,"[409, 510]"
19,3,0,3,0.0,100.0,"[485, 487, 489]"
20,1,0,1,0.0,100.0,[606]
21,4,0,4,0.0,100.0,"[628, 631, 634, 637]"
22,1,0,1,0.0,100.0,[728]
23,1,0,1,0.0,100.0,[732]
24,8,0,8,0.0,100.0,"[736, 858, 862, 866, 977, 979, 982, 1103]"
25,1,0,1,0.0,100.0,[753]
26,3,0,3,0.0,100.0,"[877, 878, 879]"
27,1,0,1,0.0,100.0,[951]
28,11,0,11,0.0,100.0,"[957, 960, 962, 1073, 1078, 1081, 1084, 1087, 1194, 1198, 1201]"
29,1,0,1,0.0,100.0,[967]
30,1,0,1,0.0,100.0,[974]
31,8,0,8,0.0,100.0,"[1054, 1056, 1060, 1063, 1065, 1175, 1177, 1179]"
32,1,0,1,0.0,100.0,[1071]
33,1,0,1,0.0,100.0,[1093]
34,6,0,6,0.0,100.0,"[1094, 1095, 1224, 1226, 1359, 1484]"
35,1,0,1,0.0,100.0,[1193]
36,2,0,2,0.0,100.0,"[1207, 1211]"
37,1,0,1,0.0,100.0,[1213]
38,2,0,2,0.0,100.0,"[1234, 1235]"
39,1,0,1,0.0,100.0,[1269]
40,2,0,2,0.0,100.0,"[1295, 1297]"
41,2,0,2,0.0,100.0,"[1337, 1341]"
42,2,0,2,0.0,100.0,"[1351, 1353]"
43,1,0,1,0.0,100.0,[1364]
44,1,0,1,0.0,100.0,[1367]
45,1,0,1,0.0,100.0,[1368]
46,27,0,27,0.0,100.0,"[1369, 1370, 1497, 1498, 1499, 1500, 1502, 1578, 1579, 1583, 1587, 1588, 1589, 1590, 1591, 1592, 1673, 1674, 1677, 1678, 1681, 1682, 1684, 1784, 1785, 1788, 1789]"
47,5,0,5,0.0,100.0,"[1431, 1432, 1433, 1434, 1435]"
48,5,0,5,0.0,100.0,"[1505, 1601, 1602, 1603, 1701]"
49,1,0,1,0.0,100.0,[1514]
50,1,0,1,0.0,100.0,[1516]
51,1,0,1,0.0,100.0,[1609]
52,1,0,1,0.0,100.0,[1611]
53,1,0,1,0.0,100.0,[1643]
54,3,0,3,0.0,100.0,"[1644, 1745, 1859]"
55,1,0,1,0.0,100.0,[1654]
56,1,0,1,0.0,100.0,[1686]
57,1,0,1,0.0,100.0,[1709]
58,1,0,1,0.0,100.0,[1710]
59,1,0,1,0.0,100.0,[1711]
60,3,0,3,0.0,100.0,"[1743, 1744, 1857]"
61,2,0,2,0.0,100.0,"[1761, 1762]"
62,7,0,7,0.0,100.0,"[1779, 1780, 1895, 1898, 2044, 2046, 2048]"
63,1,0,1,0.0,100.0,[1781]
64,1,0,1,0.0,100.0,[1792]
65,1,0,1,0.0,100.0,[1814]
66,6,0,6,0.0,100.0,"[1821, 1950, 1951, 1952, 2114, 2115]"
67,7,0,7,0.0,100.0,"[1822, 1953, 1954, 1955, 1956, 2116, 2117]"
68,1,0,1,0.0,100.0,[1896]
69,1,0,1,0.0,100.0,[1899]
70,15,0,15,0.0,100.0,"[1911, 1914, 1918, 1921, 1924, 1927, 2067, 2070, 2073, 2076, 2079, 2082, 2086, 2090, 2093]"
71,2,0,2,0.0,100.0,"[1936, 1938]"
72,1,0,1,0.0,100.0,[2030]
73,1,0,1,0.0,100.0,[2034]
74,1,0,1,0.0,100.0,[2113]
75,1,0,1,0.0,100.0,[2118]
76,2,0,2,0.0,100.0,"[2119, 2120]"
77,2,0,2,0.0,100.0,"[2156, 2159]"
78,1,0,1,0.0,100.0,[2203]
79,2,0,2,0.0,100.0,"[2212, 2214]"
80,3,0,3,0.0,100.0,"[2226, 2405, 2407]"
81,1,0,1,0.0,100.0,[2229]
82,1,0,1,0.0,100.0,[2237]
83,1,0,1,0.0,100.0,[2246]
84,6,0,6,0.0,100.0,"[2280, 2458, 2625, 2629, 2803, 2904]"
85,23,0,23,0.0,100.0,"[2287, 2289, 2291, 2469, 2470, 2471, 2472, 2473, 2639, 2640, 2641, 2642, 2643, 2812, 2813, 2814, 2815, 2911, 2912, 2913, 3002, 3003, 3057]"
86,1,0,1,0.0,100.0,[2292]
87,2,0,2,0.0,100.0,"[2324, 2329]"
88,1,0,1,0.0,100.0,[2474]
89,1,0,1,0.0,100.0,[2502]
90,1,0,1,0.0,100.0,[2507]
91,2,0,2,0.0,100.0,"[2542, 2544]"
92,5,0,5,0.0,100.0,"[2560, 2561, 2563, 2739, 2742]"
93,1,0,1,0.0,100.0,[2586]
94,1,0,1,0.0,100.0,[2592]
95,3,0,3,0.0,100.0,"[2600, 2602, 2787]"
96,1,0,1,0.0,100.0,[2644]
97,1,0,1,0.0,100.0,[2645]
98,2,0,2,0.0,100.0,"[2646, 2647]"
99,106,2,104,1.89,98.11,"[2714, 2717, 2848, 2850, 2854, 2857, 2945, 2948, 2951, 2955, 3017, 3019, 3021, 3026, 3027, 3029, 3069, 3070, 3071, 3072, 3073, 3075, 3076, 3077, 3079, 3080, 3082, 3083, 3085, 3128, 3129, 3131, 3132, 3134, 3135, 3136, 3137, 3138, 3139, 3140, 3141, 3142, 3143, 3144, 3145, 3146, 3147, 3148, 3149, 3150, 3151, 3195, 3196, 3197, 3198, 3199, 3200, 3201, 3202, 3203, 3204, 3205, 3206, 3207, 3208, 3209, 3210, 3211, 3212, 3213, 3214, 3215, 3216, 3217, 3254, 3255, 3257, 3258, 3260, 3261, 3262, 3263, 3264, 3265, 3266, 3267, 3268, 3269, 3270, 3271, 3272, 3273, 3274, 3275, 3276, 3277, 3278, 3323, 3324, 3325, 3326, 3327, 3368, 3370, 3413, 3414]"
100,2,0,2,0.0,100.0,"[2729, 2733]"
101,1,0,1,0.0,100.0,[2749]
102,1,0,1,0.0,100.0,[2779]
103,1,0,1,0.0,100.0,[2816]
104,1,0,1,0.0,100.0,[2839]
105,1,0,1,0.0,100.0,[2846]
106,1,0,1,0.0,100.0,[2864]
107,14,0,14,0.0,100.0,"[2865, 2866, 2867, 2870, 2871, 2872, 2963, 2964, 2965, 2966, 2967, 2968, 3032, 3033]"
108,3,0,3,0.0,100.0,"[2884, 2976, 2977]"
109,1,0,1,0.0,100.0,[2893]
110,1,0,1,0.0,100.0,[2894]
111,1,0,1,0.0,100.0,[2914]
112,1,0,1,0.0,100.0,[2915]
113,1,0,1,0.0,100.0,[2916]
114,1,0,1,0.0,100.0,[2933]
115,9,0,9,0.0,100.0,"[2943, 2946, 2949, 2952, 2956, 2959, 2961, 2962, 3022]"
116,2,0,2,0.0,100.0,"[2954, 2958]"
117,1,0,1,0.0,100.0,[2969]
118,1,0,1,0.0,100.0,[2978]
119,1,0,1,0.0,100.0,[2979]
120,2,0,2,0.0,100.0,"[2980, 2981]"
121,1,0,1,0.0,100.0,[2990]
122,1,0,1,0.0,100.0,[3004]
123,2,0,2,0.0,100.0,"[3005, 3006]"
124,1,0,1,0.0,100.0,[3011]
125,1,0,1,0.0,100.0,[3031]
126,23,0,23,0.0,100.0,"[3036, 3037, 3092, 3093, 3094, 3095, 3096, 3098, 3158, 3159, 3160, 3161, 3162, 3164, 3218, 3219, 3220, 3221, 3222, 3224, 3282, 3283, 3284]"
127,1,0,1,0.0,100.0,[3042]
128,10,0,10,0.0,100.0,"[3045, 3106, 3107, 3173, 3174, 3175, 3176, 3234, 3235, 3236]"
129,1,0,1,0.0,100.0,[3051]
130,1,0,1,0.0,100.0,[3056]
131,1,0,1,0.0,100.0,[3058]
132,1,0,1,0.0,100.0,[3059]
133,1,0,1,0.0,100.0,[3060]
134,4,0,4,0.0,100.0,"[3064, 3065, 3126, 3127]"
135,2,0,2,0.0,100.0,"[3087, 3152]"
136,3,0,3,0.0,100.0,"[3088, 3089, 3090]"
137,3,0,3,0.0,100.0,"[3097, 3163, 3223]"
138,1,0,1,0.0,100.0,[3099]
139,1,0,1,0.0,100.0,[3113]
140,1,0,1,0.0,100.0,[3114]
141,1,0,1,0.0,100.0,[3115]
142,3,0,3,0.0,100.0,"[3116, 3117, 3183]"
143,1,0,1,0.0,100.0,[3118]
144,1,0,1,0.0,100.0,[3119]
145,1,0,1,0.0,100.0,[3120]
146,1,0,1,0.0,100.0,[3121]
147,1,0,1,0.0,100.0,[3122]
148,1,0,1,0.0,100.0,[3123]
149,1,0,1,0.0,100.0,[3153]
150,1,0,1,0.0,100.0,[3182]
151,1,0,1,0.0,100.0,[3184]
152,1,0,1,0.0,100.0,[3185]
153,2,0,2,0.0,100.0,"[3186, 3245]"
154,1,0,1,0.0,100.0,[3187]
155,2,0,2,0.0,100.0,"[3188, 3191]"
156,1,0,1,0.0,100.0,[3190]
157,12,0,12,0.0,100.0,"[3237, 3298, 3299, 3300, 3344, 3346, 3349, 3351, 3352, 3390, 3395, 3397]"
158,1,0,1,0.0,100.0,[3244]
159,3,0,3,0.0,100.0,"[3246, 3248, 3249]"
160,6,0,6,0.0,100.0,"[3247, 3315, 3316, 3361, 3362, 3407]"
161,3,0,3,0.0,100.0,"[3250, 3317, 3318]"
162,2,0,2,0.0,100.0,"[3251, 3252]"
163,1,0,1,0.0,100.0,[3253]
164,3,0,3,0.0,100.0,"[3279, 3328, 3371]"
165,1,0,1,0.0,100.0,[3280]
166,5,0,5,0.0,100.0,"[3281, 3331, 3332, 3333, 3376]"
167,1,0,1,0.0,100.0,[3285]
168,4,0,4,0.0,100.0,"[3288, 3336, 3337, 3382]"
169,1,0,1,0.0,100.0,[3292]
170,1,0,1,0.0,100.0,[3295]
171,1,0,1,0.0,100.0,[3296]
172,1,0,1,0.0,100.0,[3297]
173,1,0,1,0.0,100.0,[3305]
174,1,0,1,0.0,100.0,[3306]
175,1,0,1,0.0,100.0,[3307]
176,1,0,1,0.0,100.0,[3308]
177,1,0,1,0.0,100.0,[3309]
178,1,0,1,0.0,100.0,[3310]
179,4,0,4,0.0,100.0,"[3311, 3313, 3356, 3358]"
180,1,0,1,0.0,100.0,[3312]
181,1,0,1,0.0,100.0,[3314]
182,3,0,3,0.0,100.0,"[3321, 3322, 3367]"
183,2,0,2,0.0,100.0,"[3329, 3330]"
184,1,0,1,0.0,100.0,[3334]
185,1,0,1,0.0,100.0,[3335]
186,12,0,12,0.0,100.0,"[3338, 3380, 3381, 3383, 3428, 3429, 3430, 3498, 3499, 3501, 3572, 3573]"
187,1,0,1,0.0,100.0,[3341]
188,1,0,1,0.0,100.0,[3342]
189,1,0,1,0.0,100.0,[3343]
190,33,0,33,0.0,100.0,"[3345, 3347, 3348, 3350, 3386, 3387, 3388, 3389, 3392, 3435, 3436, 3437, 3438, 3439, 3440, 3441, 3442, 3443, 3444, 3512, 3514, 3515, 3517, 3518, 3520, 3521, 3587, 3588, 3589, 3591, 3676, 3771, 3892]"
191,1,0,1,0.0,100.0,[3353]
192,1,0,1,0.0,100.0,[3354]
193,1,0,1,0.0,100.0,[3355]
194,1,0,1,0.0,100.0,[3357]
195,1,0,1,0.0,100.0,[3359]
196,1,0,1,0.0,100.0,[3360]
197,1,0,1,0.0,100.0,[3363]
198,1,0,1,0.0,100.0,[3366]
199,1,0,1,0.0,100.0,[3369]
200,2,0,2,0.0,100.0,"[3372, 3373]"
201,6,0,6,0.0,100.0,"[3374, 3416, 3417, 3418, 3485, 3486]"
202,1,0,1,0.0,100.0,[3375]
203,1,0,1,0.0,100.0,[3377]
204,3,0,3,0.0,100.0,"[3378, 3426, 3427]"
205,1,0,1,0.0,100.0,[3379]
206,1,0,1,0.0,100.0,[3384]
207,413,7,406,1.69,98.31,"[3385, 3432, 3433, 3509, 3511, 3578, 3579, 3581, 3582, 3584, 3585, 3586, 3645, 3646, 3647, 3650, 3651, 3654, 3656, 3657, 3660, 3661, 3663, 3664, 3665, 3666, 3667, 3668, 3669, 3670, 3671, 3672, 3674, 3703, 3739, 3740, 3741, 3742, 3743, 3745, 3746, 3747, 3748, 3749, 3750, 3752, 3753, 3756, 3757, 3758, 3759, 3760, 3761, 3762, 3763, 3764, 3765, 3766, 3767, 3769, 3772, 3808, 3809, 3810, 3837, 3840, 3844, 3846, 3848, 3850, 3851, 3852, 3853, 3854, 3855, 3857, 3858, 3859, 3860, 3861, 3862, 3863, 3864, 3865, 3866, 3867, 3868, 3869, 3870, 3871, 3872, 3873, 3874, 3877, 3878, 3883, 3885, 3886, 3888, 3889, 3890, 3893, 3895, 3931, 3932, 3933, 3934, 3935, 3936, 3937, 3939, 3942, 3944, 3945, 3946, 3949, 3951, 3955, 3959, 3962, 3968, 3974, 3978, 3979, 3982, 3983, 3988, 3990, 3991, 3992, 3993, 3994, 3996, 3997, 3998, 3999, 4000, 4001, 4002, 4003, 4004, 4005, 4006, 4007, 4008, 4010, 4011, 4014, 4015, 4016, 4017, 4018, 4047, 4048, 4049, 4050, 4051, 4052, 4053, 4055, 4057, 4059, 4061, 4064, 4068, 4072, 4074, 4078, 4081, 4085, 4089, 4092, 4096, 4099, 4101, 4104, 4108, 4112, 4114, 4115, 4116, 4117, 4119, 4120, 4121, 4122, 4124, 4125, 4126, 4128, 4129, 4131, 4132, 4133, 4134, 4135, 4136, 4137, 4138, 4139, 4141, 4142, 4143, 4146, 4147, 4148, 4149, 4150, 4165, 4168, 4171, 4174, 4176, 4177, 4178, 4180, 4183, 4187, 4190, 4191, 4192, 4193, 4195, 4198, 4200, 4204, 4206, 4207, 4208, 4209, 4210, 4212, 4214, 4215, 4216, 4217, 4218, 4219, 4220, 4222, 4223, 4224, 4225, 4226, 4228, 4229, 4230, 4231, 4234, 4235, 4236, 4237, 4238, 4239, 4240, 4241, 4242, 4243, 4245, 4246, 4247, 4248, 4249, 4250, 4262, 4273, 4275, 4276, 4278, 4279, 4280, 4281, 4282, 4288, 4289, 4291, 4293, 4294, 4295, 4297, 4299, 4300, 4301, 4302, 4303, 4304, 4305, 4306, 4307, 4310, 4311, 4312, 4313, 4327, 4334, 4335, 4336, 4337, 4338, 4339, 4340, 4342, 4343, 4344, 4345, 4346, 4347, 4348, 4350, 4352, 4353, 4354, 4356, 4389, 4390, 4391, 4393, 4394, 4395, 4396, 4397, 4398, 4399, 4400, 4401, 4402, 4403, 4404, 4405, 4406, 4407, 4408, 4438, 4439, 4440, 4441, 4442, 4443, 4444, 4445, 4446, 4447, 4448, 4449, 4450, 4451, 4452, 4453, 4454, 4455, 4491, 4493, 4494, 4495, 4496, 4497, 4499, 4501, 4502, 4503, 4504, 4505, 4506, 4507, 4508, 4509, 4510, 4511, 4535, 4536, 4537, 4538, 4539, 4540, 4542, 4543, 4544, 4545, 4547, 4548, 4549, 4550, 4551, 4552, 4553, 4554, 4555, 4556, 4591, 4593, 4594, 4595, 4597, 4598, 4599, 4600, 4601, 4602, 4603, 4604, 4605, 4635, 4637, 4638, 4639, 4640, 4641, 4642, 4689, 4690, 4691, 4748, 4749]"
208,3,0,3,0.0,100.0,"[3391, 3393, 3394]"
209,2,0,2,0.0,100.0,"[3396, 3445]"
210,1,0,1,0.0,100.0,[3398]
211,1,0,1,0.0,100.0,[3399]
212,1,0,1,0.0,100.0,[3400]
213,1,0,1,0.0,100.0,[3401]
214,3,0,3,0.0,100.0,"[3402, 3447, 3448]"
215,1,0,1,0.0,100.0,[3403]
216,36,0,36,0.0,100.0,"[3404, 3454, 3455, 3538, 3539, 3540, 3606, 3607, 3608, 3609, 3693, 3694, 3695, 3696, 3697, 3698, 3796, 3797, 3798, 3799, 3800, 3801, 3802, 3915, 3917, 3918, 3919, 3920, 3921, 3922, 4035, 4037, 4039, 4041, 4160, 4259]"
217,2,0,2,0.0,100.0,"[3405, 3456]"
218,1,0,1,0.0,100.0,[3406]
219,1,0,1,0.0,100.0,[3410]
220,21,0,21,0.0,100.0,"[3411, 3412, 3462, 3463, 3465, 3467, 3468, 3469, 3471, 3472, 3473, 3476, 3546, 3548, 3549, 3551, 3552, 3614, 3616, 3618, 3712]"
221,141,1,140,0.71,99.29,"[3415, 3474, 3477, 3478, 3480, 3550, 3553, 3554, 3555, 3556, 3617, 3619, 3620, 3621, 3623, 3624, 3625, 3626, 3627, 3628, 3629, 3631, 3632, 3633, 3634, 3636, 3638, 3704, 3705, 3706, 3707, 3708, 3710, 3711, 3713, 3715, 3716, 3718, 3719, 3721, 3722, 3723, 3724, 3725, 3726, 3727, 3728, 3729, 3731, 3811, 3812, 3813, 3814, 3815, 3817, 3819, 3821, 3822, 3823, 3825, 3826, 3827, 3828, 3830, 3831, 3832, 3833, 3834, 3835, 3836, 3838, 3839, 3842, 3843, 3938, 3940, 3941, 3943, 3948, 3952, 3953, 3956, 3957, 3961, 3965, 3966, 3967, 3971, 3972, 3973, 3976, 3977, 4054, 4056, 4058, 4060, 4063, 4065, 4066, 4067, 4069, 4070, 4071, 4073, 4075, 4076, 4079, 4083, 4087, 4091, 4093, 4094, 4095, 4097, 4098, 4179, 4182, 4184, 4185, 4186, 4188, 4189, 4194, 4196, 4197, 4199, 4201, 4202, 4203, 4205, 4266, 4267, 4268, 4270, 4277, 4321, 4322, 4323, 4324, 4325, 4326]"
222,1,0,1,0.0,100.0,[3419]
223,1,0,1,0.0,100.0,[3420]
224,1,0,1,0.0,100.0,[3421]
225,2,0,2,0.0,100.0,"[3422, 3424]"
226,7,0,7,0.0,100.0,"[3423, 3490, 3493, 3494, 3495, 3566, 3569]"
227,1,0,1,0.0,100.0,[3425]
228,1,0,1,0.0,100.0,[3431]
229,1,0,1,0.0,100.0,[3434]
230,1,0,1,0.0,100.0,[3446]
231,1,0,1,0.0,100.0,[3449]
232,1,0,1,0.0,100.0,[3450]
233,5,0,5,0.0,100.0,"[3451, 3452, 3535, 3536, 3603]"
234,1,0,1,0.0,100.0,[3453]
235,1,0,1,0.0,100.0,[3457]
236,2,0,2,0.0,100.0,"[3458, 3460]"
237,1,0,1,0.0,100.0,[3459]
238,3,0,3,0.0,100.0,"[3461, 3542, 3543]"
239,4,0,4,0.0,100.0,"[3464, 3544, 3545, 3611]"
240,4,0,4,0.0,100.0,"[3466, 3470, 3475, 3479]"
241,2,0,2,0.0,100.0,"[3481, 3483]"
242,1,0,1,0.0,100.0,[3482]
243,2,0,2,0.0,100.0,"[3484, 3487]"
244,1,0,1,0.0,100.0,[3488]
245,20,0,20,0.0,100.0,"[3489, 3558, 3559, 3562, 3564, 3635, 3637, 3639, 3641, 3644, 3730, 3732, 3733, 3735, 3841, 3845, 3847, 3984, 4105, 4109]"
246,1,0,1,0.0,100.0,[3491]
247,1,0,1,0.0,100.0,[3492]
248,1,0,1,0.0,100.0,[3496]
249,1,0,1,0.0,100.0,[3497]
250,5,0,5,0.0,100.0,"[3500, 3502, 3504, 3574, 3575]"
251,1,0,1,0.0,100.0,[3503]
252,1,0,1,0.0,100.0,[3505]
253,4,0,4,0.0,100.0,"[3506, 3508, 3576, 3577]"
254,1,0,1,0.0,100.0,[3507]
255,3,0,3,0.0,100.0,"[3510, 3580, 3583]"
256,38,0,38,0.0,100.0,"[3513, 3516, 3519, 3590, 3593, 3673, 3675, 3677, 3679, 3681, 3768, 3770, 3773, 3775, 3777, 3779, 3781, 3783, 3786, 3891, 3894, 3896, 3898, 3900, 3901, 3902, 3903, 3904, 4019, 4020, 4021, 4023, 4024, 4025, 4026, 4027, 4029, 4151]"
257,13,0,13,0.0,100.0,"[3522, 3592, 3594, 3678, 3680, 3774, 3776, 3778, 3780, 3782, 3785, 3897, 3899]"
258,3,0,3,0.0,100.0,"[3523, 3524, 3525]"
259,1,0,1,0.0,100.0,[3526]
260,1,0,1,0.0,100.0,[3527]
261,1,0,1,0.0,100.0,[3528]
262,1,0,1,0.0,100.0,[3529]
263,5,0,5,0.0,100.0,"[3530, 3531, 3532, 3533, 3601]"
264,1,0,1,0.0,100.0,[3534]
265,1,0,1,0.0,100.0,[3537]
266,15,0,15,0.0,100.0,"[3541, 3610, 3699, 3700, 3701, 3702, 3803, 3804, 3805, 3806, 3807, 3924, 3926, 3928, 4042]"
267,6,0,6,0.0,100.0,"[3547, 3612, 3613, 3615, 3709, 3816]"
268,1,0,1,0.0,100.0,[3557]
269,4,0,4,0.0,100.0,"[3560, 3563, 3640, 3734]"
270,1,0,1,0.0,100.0,[3561]
271,4,0,4,0.0,100.0,"[3565, 3567, 3568, 3570]"
272,1,0,1,0.0,100.0,[3571]
273,2,0,2,0.0,100.0,"[3595, 3682]"
274,9,0,9,0.0,100.0,"[3596, 3683, 3684, 3685, 3784, 3787, 3905, 3906, 4028]"
275,1,0,1,0.0,100.0,[3597]
276,1,0,1,0.0,100.0,[3598]
277,4,0,4,0.0,100.0,"[3599, 3686, 3788, 3907]"
278,1,0,1,0.0,100.0,[3600]
279,1,0,1,0.0,100.0,[3602]
280,1,0,1,0.0,100.0,[3604]
281,16,0,16,0.0,100.0,"[3605, 3689, 3690, 3691, 3692, 3794, 3795, 3911, 3912, 3913, 3914, 3916, 4034, 4036, 4038, 4040]"
282,10,0,10,0.0,100.0,"[3622, 3714, 3717, 3720, 3820, 3824, 3829, 3963, 3969, 4090]"
283,1,0,1,0.0,100.0,[3630]
284,4,0,4,0.0,100.0,"[3642, 3736, 3738, 3849]"
285,2,0,2,0.0,100.0,"[3643, 3737]"
286,2,0,2,0.0,100.0,"[3648, 3744]"
287,1,0,1,0.0,100.0,[3649]
288,1,0,1,0.0,100.0,[3652]
289,1,0,1,0.0,100.0,[3653]
290,2,0,2,0.0,100.0,"[3655, 3751]"
291,1,0,1,0.0,100.0,[3658]
292,1,0,1,0.0,100.0,[3659]
293,3,0,3,0.0,100.0,"[3662, 3754, 3755]"
294,1,0,1,0.0,100.0,[3687]
295,1,0,1,0.0,100.0,[3688]
296,1,0,1,0.0,100.0,[3789]
297,1,0,1,0.0,100.0,[3790]
298,1,0,1,0.0,100.0,[3791]
299,2,0,2,0.0,100.0,"[3792, 3793]"
300,5,0,5,0.0,100.0,"[3818, 3950, 3954, 3958, 4077]"
301,1,0,1,0.0,100.0,[3856]
302,6,0,6,0.0,100.0,"[3875, 3876, 3881, 3884, 4012, 4013]"
303,2,0,2,0.0,100.0,"[3879, 3880]"
304,2,0,2,0.0,100.0,"[3882, 4009]"
305,1,0,1,0.0,100.0,[3887]
306,1,0,1,0.0,100.0,[3908]
307,1,0,1,0.0,100.0,[3909]
308,1,0,1,0.0,100.0,[3910]
309,9,0,9,0.0,100.0,"[3923, 3925, 3927, 3929, 3930, 4043, 4044, 4045, 4046]"
310,1,0,1,0.0,100.0,[3947]
311,4,0,4,0.0,100.0,"[3960, 3964, 3970, 3975]"
312,1,0,1,0.0,100.0,[3980]
313,1,0,1,0.0,100.0,[3981]
314,4,0,4,0.0,100.0,"[3985, 3986, 4107, 4111]"
315,2,0,2,0.0,100.0,"[3987, 3989]"
316,1,0,1,0.0,100.0,[3995]
317,2,0,2,0.0,100.0,"[4022, 4152]"
318,2,0,2,0.0,100.0,"[4030, 4031]"
319,1,0,1,0.0,100.0,[4032]
320,1,0,1,0.0,100.0,[4033]
321,2,0,2,0.0,100.0,"[4062, 4181]"
322,1,0,1,0.0,100.0,[4080]
323,2,0,2,0.0,100.0,"[4082, 4086]"
324,2,0,2,0.0,100.0,"[4084, 4088]"
325,2,0,2,0.0,100.0,"[4100, 4102]"
326,3,0,3,0.0,100.0,"[4103, 4106, 4110]"
327,1,0,1,0.0,100.0,[4113]
328,1,0,1,0.0,100.0,[4118]
329,1,0,1,0.0,100.0,[4123]
330,2,0,2,0.0,100.0,"[4127, 4130]"
331,3,0,3,0.0,100.0,"[4140, 4144, 4145]"
332,1,0,1,0.0,100.0,[4153]
333,1,0,1,0.0,100.0,[4154]
334,6,0,6,0.0,100.0,"[4155, 4253, 4254, 4256, 4257, 4258]"
335,1,0,1,0.0,100.0,[4156]
336,3,0,3,0.0,100.0,"[4157, 4158, 4159]"
337,6,0,6,0.0,100.0,"[4161, 4162, 4163, 4166, 4169, 4172]"
338,124,0,124,0.0,100.0,"[4164, 4167, 4170, 4173, 4175, 4263, 4264, 4265, 4317, 4318, 4319, 4369, 4370, 4371, 4372, 4373, 4374, 4375, 4415, 4416, 4417, 4418, 4419, 4420, 4421, 4422, 4423, 4424, 4425, 4426, 4427, 4428, 4462, 4463, 4464, 4465, 4466, 4467, 4468, 4469, 4470, 4471, 4472, 4473, 4474, 4475, 4476, 4477, 4478, 4479, 4480, 4481, 4482, 4483, 4515, 4516, 4517, 4518, 4519, 4520, 4521, 4522, 4523, 4524, 4525, 4526, 4527, 4567, 4568, 4569, 4570, 4571, 4572, 4573, 4574, 4575, 4576, 4577, 4578, 4579, 4580, 4581, 4582, 4612, 4613, 4614, 4615, 4616, 4617, 4618, 4619, 4620, 4621, 4622, 4623, 4624, 4663, 4664, 4665, 4666, 4667, 4668, 4723, 4725, 4727, 4728, 4729, 4777, 4779, 4780, 4781, 4782, 4783, 4784, 4840, 4841, 4842, 4843, 4844, 4921, 4922, 4923, 4924, 5013]"
339,1,0,1,0.0,100.0,[4211]
340,1,0,1,0.0,100.0,[4213]
341,4,0,4,0.0,100.0,"[4221, 4290, 4292, 4332]"
342,1,0,1,0.0,100.0,[4227]
343,1,0,1,0.0,100.0,[4232]
344,1,0,1,0.0,100.0,[4233]
345,1,0,1,0.0,100.0,[4244]
346,1,0,1,0.0,100.0,[4251]
347,1,0,1,0.0,100.0,[4252]
348,1,0,1,0.0,100.0,[4255]
349,1,0,1,0.0,100.0,[4260]
350,1,0,1,0.0,100.0,[4261]
351,1,0,1,0.0,100.0,[4269]
352,3,0,3,0.0,100.0,"[4271, 4272, 4274]"
353,1,0,1,0.0,100.0,[4283]
354,2,0,2,0.0,100.0,"[4284, 4285]"
355,1,0,1,0.0,100.0,[4286]
356,1,0,1,0.0,100.0,[4287]
357,2,0,2,0.0,100.0,"[4296, 4298]"
358,2,0,2,0.0,100.0,"[4308, 4309]"
359,1,0,1,0.0,100.0,[4314]
360,1,0,1,0.0,100.0,[4315]
361,1,0,1,0.0,100.0,[4316]
362,1,0,1,0.0,100.0,[4320]
363,3,0,3,0.0,100.0,"[4328, 4329, 4330]"
364,2,0,2,0.0,100.0,"[4331, 4333]"
365,1,0,1,0.0,100.0,[4341]
366,2,0,2,0.0,100.0,"[4349, 4351]"
367,1,0,1,0.0,100.0,[4355]
368,3,0,3,0.0,100.0,"[4357, 4358, 4359]"
369,1,0,1,0.0,100.0,[4360]
370,1,0,1,0.0,100.0,[4361]
371,2,0,2,0.0,100.0,"[4362, 4363]"
372,3,0,3,0.0,100.0,"[4364, 4365, 4366]"
373,2,0,2,0.0,100.0,"[4367, 4368]"
374,1,0,1,0.0,100.0,[4376]
375,2,0,2,0.0,100.0,"[4377, 4430]"
376,1,0,1,0.0,100.0,[4378]
377,1,0,1,0.0,100.0,[4379]
378,5,0,5,0.0,100.0,"[4380, 4381, 4382, 4383, 4384]"
379,1,0,1,0.0,100.0,[4385]
380,3,0,3,0.0,100.0,"[4386, 4387, 4388]"
381,1,0,1,0.0,100.0,[4392]
382,1,0,1,0.0,100.0,[4409]
383,1,0,1,0.0,100.0,[4410]
384,1,0,1,0.0,100.0,[4411]
385,2,0,2,0.0,100.0,"[4412, 4414]"
386,2,0,2,0.0,100.0,"[4413, 4460]"
387,1,0,1,0.0,100.0,[4429]
388,1,0,1,0.0,100.0,[4431]
389,2,0,2,0.0,100.0,"[4432, 4433]"
390,1,0,1,0.0,100.0,[4434]
391,1,0,1,0.0,100.0,[4435]
392,1,0,1,0.0,100.0,[4436]
393,1,0,1,0.0,100.0,[4437]
394,1,0,1,0.0,100.0,[4456]
395,4,0,4,0.0,100.0,"[4457, 4459, 4512, 4513]"
396,1,0,1,0.0,100.0,[4458]
397,1,0,1,0.0,100.0,[4461]
398,1,0,1,0.0,100.0,[4484]
399,2554,426,2128,16.68,83.32,"[4485, 4486, 4487, 4529, 4531, 4532, 4585, 4586, 4587, 4588, 4589, 4590, 4625, 4626, 4627, 4628, 4629, 4630, 4632, 4672, 4673, 4674, 4677, 4679, 4680, 4682, 4731, 4733, 4735, 4738, 4739, 4740, 4741, 4742, 4743, 4744, 4786, 4788, 4789, 4790, 4791, 4792, 4793, 4794, 4795, 4796, 4797, 4798, 4799, 4847, 4849, 4850, 4851, 4852, 4853, 4854, 4855, 4856, 4857, 4858, 4859, 4860, 4861, 4925, 4926, 4928, 4930, 4931, 4932, 4933, 4934, 4935, 4936, 4937, 4938, 4939, 4940, 4941, 4942, 4943, 4944, 4945, 4946, 4947, 4948, 4949, 4951, 5009, 5014, 5015, 5016, 5023, 5024, 5032, 5033, 5034, 5035, 5036, 5037, 5038, 5039, 5040, 5041, 5042, 5043, 5044, 5046, 5047, 5048, 5049, 5050, 5054, 5055, 5058, 5130, 5132, 5134, 5136, 5137, 5139, 5140, 5141, 5142, 5143, 5147, 5148, 5151, 5155, 5160, 5162, 5163, 5164, 5169, 5170, 5171, 5172, 5173, 5174, 5175, 5176, 5177, 5179, 5181, 5183, 5184, 5185, 5186, 5188, 5190, 5192, 5193, 5194, 5195, 5196, 5197, 5198, 5199, 5200, 5201, 5202, 5203, 5204, 5205, 5301, 5302, 5305, 5308, 5309, 5310, 5312, 5313, 5314, 5315, 5316, 5317, 5318, 5321, 5322, 5323, 5327, 5328, 5333, 5334, 5338, 5339, 5343, 5344, 5347, 5348, 5349, 5350, 5351, 5352, 5353, 5354, 5355, 5356, 5358, 5361, 5363, 5364, 5365, 5366, 5367, 5368, 5369, 5370, 5371, 5374, 5375, 5378, 5380, 5381, 5382, 5383, 5384, 5385, 5386, 5387, 5389, 5390, 5393, 5394, 5395, 5397, 5398, 5399, 5401, 5402, 5403, 5404, 5405, 5406, 5407, 5408, 5409, 5410, 5411, 5412, 5413, 5414, 5415, 5416, 5417, 5419, 5421, 5422, 5423, 5424, 5425, 5426, 5427, 5546, 5547, 5549, 5550, 5553, 5554, 5555, 5556, 5557, 5558, 5559, 5562, 5563, 5564, 5565, 5569, 5570, 5571, 5577, 5578, 5581, 5582, 5583, 5586, 5587, 5588, 5592, 5593, 5594, 5597, 5598, 5599, 5600, 5601, 5602, 5603, 5604, 5605, 5606, 5607, 5608, 5609, 5610, 5611, 5612, 5613, 5614, 5615, 5616, 5617, 5618, 5619, 5620, 5621, 5622, 5623, 5624, 5626, 5627, 5628, 5629, 5630, 5631, 5632, 5633, 5634, 5635, 5636, 5637, 5638, 5639, 5640, 5641, 5642, 5643, 5644, 5645, 5646, 5647, 5648, 5649, 5650, 5651, 5652, 5653, 5654, 5657, 5658, 5661, 5662, 5663, 5666, 5667, 5669, 5670, 5671, 5673, 5674, 5675, 5676, 5677, 5679, 5680, 5681, 5682, 5683, 5684, 5686, 5687, 5688, 5689, 5690, 5691, 5692, 5694, 5695, 5696, 5697, 5698, 5699, 5700, 5701, 5702, 5703, 5704, 5705, 5706, 5707, 5708, 5709, 5710, 5714, 5715, 5716, 5717, 5718, 5719, 5720, 5721, 5722, 5723, 5821, 5822, 5823, 5824, 5825, 5827, 5830, 5834, 5835, 5838, 5839, 5840, 5843, 5844, 5845, 5846, 5849, 5850, 5852, 5853, 5854, 5855, 5856, 5857, 5858, 5859, 5860, 5861, 5862, 5863, 5864, 5865, 5866, 5867, 5868, 5869, 5870, 5871, 5872, 5873, 5874, 5875, 5876, 5877, 5878, 5879, 5880, 5881, 5882, 5883, 5884, 5885, 5886, 5887, 5888, 5889, 5891, 5892, 5893, 5894, 5895, 5896, 5897, 5898, 5899, 5900, 5901, 5902, 5903, 5904, 5905, 5906, 5907, 5908, 5909, 5910, 5911, 5912, 5913, 5914, 5915, 5916, 5917, 5918, 5919, 5920, 5921, 5922, 5923, 5924, 5925, 5927, 5929, 5930, 5931, 5934, 5935, 5936, 5938, 5939, 5940, 5941, 5942, 5943, 5944, 5945, 5946, 5949, 5950, 5951, 5952, 5953, 5954, 5955, 5956, 5957, 5958, 5959, 5960, 5961, 5962, 5963, 5964, 5965, 5966, 5967, 5968, 5969, 5970, 5971, 5972, 5973, 5974, 5975, 5976, 5977, 5978, 5979, 5980, 5981, 5982, 5983, 5984, 5985, 5989, 5990, 5991, 5992, 5993, 5994, 5995, 5996, 5997, 5998, 5999, 6080, 6090, 6091, 6092, 6096, 6097, 6098, 6102, 6103, 6104, 6105, 6108, 6109, 6110, 6111, 6113, 6114, 6115, 6116, 6117, 6118, 6119, 6120, 6121, 6122, 6123, 6124, 6125, 6126, 6127, 6128, 6129, 6130, 6131, 6132, 6133, 6134, 6135, 6136, 6137, 6138, 6139, 6140, 6141, 6142, 6143, 6144, 6145, 6146, 6147, 6148, 6149, 6150, 6151, 6152, 6153, 6154, 6155, 6156, 6157, 6158, 6159, 6160, 6161, 6162, 6163, 6164, 6165, 6166, 6167, 6168, 6169, 6170, 6171, 6172, 6173, 6174, 6175, 6176, 6177, 6178, 6179, 6180, 6181, 6182, 6183, 6184, 6185, 6186, 6187, 6188, 6189, 6190, 6191, 6192, 6193, 6194, 6195, 6196, 6197, 6198, 6199, 6200, 6201, 6202, 6203, 6204, 6205, 6206, 6207, 6208, 6209, 6210, 6211, 6212, 6214, 6215, 6217, 6218, 6219, 6221, 6222, 6223, 6224, 6225, 6226, 6227, 6228, 6229, 6230, 6232, 6233, 6234, 6235, 6236, 6237, 6238, 6239, 6240, 6241, 6242, 6243, 6244, 6245, 6247, 6248, 6249, 6250, 6251, 6252, 6254, 6255, 6256, 6257, 6259, 6260, 6261, 6263, 6264, 6265, 6266, 6267, 6268, 6269, 6270, 6271, 6275, 6277, 6279, 6280, 6281, 6282, 6283, 6284, 6285, 6286, 6287, 6288, 6367, 6370, 6371, 6374, 6375, 6376, 6379, 6380, 6381, 6382, 6384, 6385, 6386, 6387, 6388, 6389, 6390, 6391, 6392, 6393, 6394, 6395, 6396, 6397, 6398, 6399, 6400, 6401, 6402, 6403, 6404, 6405, 6406, 6407, 6408, 6409, 6410, 6411, 6412, 6413, 6414, 6415, 6416, 6417, 6418, 6419, 6420, 6421, 6422, 6423, 6424, 6425, 6426, 6427, 6428, 6429, 6430, 6431, 6432, 6433, 6434, 6435, 6436, 6437, 6438, 6439, 6440, 6441, 6442, 6443, 6444, 6445, 6446, 6447, 6448, 6449, 6450, 6451, 6452, 6453, 6454, 6455, 6456, 6457, 6458, 6459, 6460, 6461, 6462, 6463, 6464, 6465, 6467, 6468, 6469, 6470, 6472, 6473, 6474, 6475, 6476, 6477, 6479, 6480, 6481, 6482, 6483, 6484, 6485, 6487, 6488, 6489, 6490, 6491, 6492, 6493, 6494, 6495, 6496, 6497, 6498, 6499, 6500, 6501, 6502, 6503, 6504, 6505, 6506, 6507, 6508, 6509, 6510, 6511, 6512, 6513, 6514, 6515, 6516, 6517, 6518, 6519, 6520, 6521, 6522, 6523, 6524, 6525, 6526, 6527, 6528, 6529, 6530, 6531, 6532, 6533, 6534, 6535, 6537, 6539, 6541, 6542, 6544, 6545, 6546, 6547, 6549, 6550, 6551, 6552, 6553, 6554, 6555, 6556, 6557, 6558, 6623, 6626, 6627, 6629, 6630, 6631, 6632, 6633, 6634, 6635, 6636, 6637, 6638, 6639, 6640, 6641, 6642, 6643, 6644, 6645, 6646, 6647, 6648, 6649, 6650, 6651, 6652, 6653, 6654, 6655, 6656, 6657, 6658, 6659, 6660, 6661, 6662, 6663, 6664, 6665, 6666, 6667, 6668, 6669, 6671, 6672, 6673, 6674, 6675, 6676, 6677, 6678, 6679, 6680, 6681, 6682, 6683, 6684, 6685, 6686, 6687, 6688, 6689, 6690, 6691, 6692, 6693, 6694, 6695, 6696, 6697, 6698, 6699, 6700, 6701, 6702, 6703, 6704, 6705, 6706, 6707, 6708, 6709, 6710, 6711, 6713, 6714, 6715, 6717, 6718, 6719, 6721, 6722, 6723, 6724, 6725, 6726, 6727, 6728, 6729, 6730, 6731, 6732, 6733, 6734, 6735, 6736, 6737, 6738, 6739, 6740, 6741, 6742, 6743, 6744, 6745, 6746, 6747, 6748, 6749, 6750, 6751, 6752, 6753, 6754, 6755, 6756, 6757, 6758, 6759, 6760, 6761, 6762, 6763, 6765, 6766, 6768, 6769, 6770, 6771, 6772, 6773, 6774, 6775, 6776, 6777, 6778, 6779, 6780, 6781, 6782, 6783, 6829, 6830, 6831, 6832, 6833, 6834, 6835, 6836, 6837, 6838, 6839, 6840, 6841, 6842, 6843, 6844, 6845, 6846, 6847, 6848, 6849, 6850, 6851, 6852, 6853, 6854, 6855, 6856, 6857, 6858, 6859, 6860, 6861, 6862, 6863, 6864, 6865, 6866, 6867, 6868, 6869, 6871, 6872, 6873, 6874, 6876, 6877, 6878, 6879, 6880, 6881, 6882, 6883, 6884, 6885, 6886, 6887, 6888, 6889, 6890, 6891, 6892, 6893, 6894, 6895, 6896, 6897, 6898, 6899, 6900, 6901, 6902, 6903, 6904, 6905, 6906, 6907, 6908, 6909, 6910, 6911, 6912, 6913, 6914, 6915, 6917, 6918, 6919, 6922, 6923, 6924, 6925, 6928, 6929, 6930, 6931, 6933, 6934, 6935, 6936, 6938, 6939, 6940, 6941, 6942, 6943, 6944, 6945, 6946, 6947, 6948, 6949, 6950, 6951, 6952, 6953, 6954, 6955, 6956, 6957, 6958, 6959, 6960, 6961, 6962, 6963, 6964, 6965, 6966, 6967, 6968, 6969, 6970, 6971, 6972, 6973, 6974, 6975, 6976, 6977, 6978, 6979, 6980, 6981, 6982, 6983, 6984, 6985, 6986, 6987, 6988, 6989, 6990, 6991, 6992, 6993, 6994, 6995, 6996, 6997, 6998, 6999, 7000, 7001, 7002, 7003, 7004, 7005, 7006, 7057, 7058, 7059, 7060, 7061, 7062, 7063, 7064, 7065, 7066, 7067, 7068, 7069, 7071, 7072, 7073, 7074, 7075, 7076, 7077, 7078, 7079, 7080, 7081, 7082, 7083, 7084, 7085, 7086, 7087, 7088, 7090, 7091, 7093, 7094, 7095, 7097, 7098, 7099, 7100, 7101, 7102, 7103, 7104, 7105, 7106, 7107, 7108, 7109, 7110, 7111, 7112, 7113, 7114, 7115, 7116, 7117, 7118, 7119, 7120, 7121, 7122, 7124, 7125, 7126, 7127, 7128, 7129, 7130, 7131, 7132, 7133, 7134, 7135, 7136, 7137, 7138, 7139, 7142, 7143, 7145, 7146, 7147, 7149, 7150, 7151, 7153, 7154, 7155, 7157, 7158, 7159, 7160, 7161, 7162, 7163, 7164, 7165, 7166, 7167, 7168, 7169, 7170, 7171, 7172, 7173, 7174, 7175, 7176, 7177, 7178, 7179, 7180, 7181, 7182, 7183, 7184, 7185, 7186, 7187, 7188, 7189, 7190, 7191, 7192, 7193, 7194, 7195, 7196, 7197, 7198, 7199, 7200, 7201, 7202, 7203, 7204, 7205, 7206, 7207, 7208, 7209, 7210, 7211, 7212, 7213, 7214, 7215, 7216, 7217, 7218, 7219, 7220, 7221, 7222, 7223, 7224, 7225, 7226, 7227, 7228, 7229, 7230, 7231, 7232, 7233, 7234, 7235, 7236, 7237, 7238, 7239, 7240, 7241, 7242, 7243, 7289, 7290, 7291, 7292, 7293, 7294, 7295, 7296, 7297, 7298, 7300, 7301, 7302, 7303, 7304, 7305, 7306, 7307, 7308, 7309, 7310, 7311, 7312, 7313, 7314, 7315, 7318, 7319, 7320, 7322, 7323, 7324, 7325, 7326, 7327, 7328, 7329, 7330, 7331, 7333, 7334, 7335, 7336, 7338, 7339, 7340, 7341, 7342, 7343, 7344, 7345, 7346, 7347, 7348, 7349, 7350, 7351, 7352, 7353, 7354, 7355, 7356, 7357, 7359, 7360, 7361, 7362, 7365, 7366, 7367, 7370, 7371, 7373, 7374, 7375, 7376, 7377, 7378, 7379, 7380, 7381, 7382, 7383, 7384, 7385, 7386, 7387, 7388, 7389, 7390, 7391, 7392, 7393, 7394, 7395, 7396, 7397, 7398, 7399, 7400, 7401, 7402, 7403, 7404, 7405, 7406, 7407, 7408, 7409, 7410, 7411, 7412, 7413, 7414, 7415, 7416, 7417, 7418, 7419, 7420, 7421, 7422, 7423, 7424, 7425, 7426, 7427, 7428, 7429, 7430, 7431, 7432, 7433, 7434, 7435, 7436, 7437, 7438, 7439, 7440, 7441, 7442, 7443, 7444, 7445, 7446, 7447, 7448, 7449, 7450, 7451, 7452, 7453, 7454, 7455, 7456, 7457, 7458, 7459, 7460, 7461, 7462, 7463, 7506, 7507, 7508, 7509, 7510, 7512, 7513, 7515, 7516, 7518, 7519, 7521, 7527, 7528, 7529, 7530, 7531, 7532, 7534, 7535, 7536, 7538, 7539, 7540, 7541, 7542, 7543, 7544, 7546, 7547, 7549, 7550, 7551, 7552, 7554, 7556, 7557, 7558, 7559, 7560, 7561, 7563, 7564, 7565, 7566, 7567, 7569, 7570, 7571, 7572, 7573, 7576, 7577, 7578, 7579, 7582, 7583, 7584, 7585, 7586, 7587, 7588, 7589, 7590, 7591, 7592, 7593, 7594, 7595, 7596, 7597, 7598, 7599, 7600, 7601, 7602, 7603, 7604, 7605, 7606, 7607, 7608, 7609, 7610, 7611, 7612, 7613, 7614, 7615, 7616, 7617, 7618, 7619, 7620, 7621, 7622, 7623, 7624, 7625, 7626, 7627, 7628, 7629, 7630, 7631, 7632, 7633, 7634, 7635, 7636, 7637, 7638, 7639, 7640, 7641, 7642, 7643, 7644, 7645, 7646, 7647, 7648, 7649, 7650, 7651, 7652, 7653, 7654, 7655, 7656, 7657, 7658, 7659, 7660, 7661, 7662, 7663, 7692, 7693, 7694, 7696, 7697, 7699, 7700, 7702, 7703, 7715, 7716, 7718, 7719, 7721, 7722, 7725, 7726, 7728, 7729, 7731, 7732, 7733, 7734, 7735, 7736, 7737, 7738, 7739, 7740, 7741, 7742, 7743, 7744, 7745, 7746, 7747, 7750, 7751, 7752, 7753, 7755, 7756, 7757, 7758, 7759, 7760, 7761, 7762, 7763, 7764, 7766, 7767, 7768, 7769, 7770, 7771, 7773, 7774, 7775, 7777, 7778, 7780, 7781, 7783, 7784, 7786, 7787, 7788, 7789, 7790, 7791, 7792, 7793, 7794, 7795, 7796, 7797, 7798, 7799, 7800, 7801, 7802, 7803, 7804, 7805, 7807, 7808, 7809, 7810, 7811, 7812, 7813, 7814, 7815, 7816, 7817, 7818, 7819, 7820, 7821, 7822, 7823, 7824, 7825, 7826, 7827, 7828, 7829, 7830, 7831, 7832, 7833, 7834, 7835, 7836, 7837, 7838, 7839, 7840, 7841, 7842, 7843, 7844, 7845, 7846, 7847, 7869, 7870, 7871, 7872, 7878, 7880, 7881, 7884, 7886, 7887, 7889, 7890, 7891, 7893, 7894, 7895, 7896, 7897, 7898, 7899, 7900, 7901, 7902, 7903, 7904, 7905, 7906, 7907, 7908, 7909, 7910, 7911, 7912, 7913, 7914, 7915, 7916, 7917, 7918, 7919, 7920, 7921, 7923, 7924, 7925, 7927, 7928, 7929, 7931, 7932, 7933, 7934, 7935, 7936, 7937, 7938, 7939, 7940, 7942, 7944, 7945, 7946, 7947, 7948, 7949, 7950, 7951, 7952, 7953, 7954, 7955, 7956, 7957, 7958, 7959, 7960, 7961, 7962, 7963, 7964, 7965, 7966, 7967, 7968, 7969, 7970, 7971, 7972, 7973, 7974, 7975, 7976, 7977, 7978, 7979, 7980, 7981, 7982, 7983, 7984, 7985, 7986, 7987, 7988, 7989, 7990, 7991, 7992, 7993, 7994, 7995, 7996, 7997, 7998, 7999, 8000, 8010, 8011, 8012, 8013, 8015, 8016, 8018, 8019, 8020, 8021, 8022, 8023, 8024, 8025, 8026, 8027, 8028, 8029, 8030, 8031, 8032, 8033, 8034, 8035, 8036, 8037, 8038, 8039, 8040, 8041, 8042, 8043, 8044, 8045, 8046, 8047, 8048, 8049, 8050, 8051, 8052, 8053, 8054, 8055, 8056, 8057, 8058, 8059, 8060, 8061, 8062, 8063, 8064, 8065, 8066, 8067, 8068, 8069, 8070, 8071, 8072, 8073, 8074, 8075, 8076, 8077, 8078, 8079, 8080, 8081, 8082, 8083, 8084, 8085, 8086, 8087, 8088, 8089, 8090, 8091, 8092, 8093, 8094, 8095, 8096, 8097, 8098, 8099, 8101, 8102, 8103, 8104, 8105, 8106, 8107, 8108, 8109, 8110, 8111, 8112, 8113, 8114, 8115, 8116, 8117, 8118, 8119, 8120, 8128, 8130, 8132, 8134, 8135, 8136, 8137, 8138, 8139, 8140, 8141, 8142, 8143, 8144, 8146, 8147, 8148, 8149, 8150, 8151, 8152, 8153, 8154, 8155, 8156, 8157, 8158, 8159, 8160, 8161, 8162, 8163, 8164, 8165, 8166, 8167, 8168, 8169, 8170, 8171, 8172, 8173, 8174, 8175, 8176, 8177, 8178, 8179, 8180, 8181, 8182, 8183, 8184, 8185, 8186, 8187, 8188, 8189, 8190, 8191, 8192, 8193, 8194, 8195, 8196, 8197, 8198, 8199, 8200, 8201, 8202, 8203, 8204, 8205, 8206, 8207, 8208, 8209, 8210, 8211, 8212, 8213, 8214, 8215, 8216, 8217, 8218, 8219, 8220, 8222, 8223, 8236, 8238, 8239, 8240, 8241, 8242, 8243, 8244, 8245, 8246, 8247, 8248, 8249, 8250, 8251, 8252, 8253, 8254, 8255, 8256, 8257, 8258, 8259, 8260, 8261, 8262, 8263, 8264, 8265, 8266, 8267, 8268, 8269, 8270, 8271, 8272, 8273, 8274, 8275, 8276, 8277, 8278, 8279, 8280, 8281, 8282, 8283, 8284, 8285, 8286, 8287, 8288, 8289, 8290, 8291, 8292, 8293, 8294, 8295, 8296, 8297, 8298, 8299, 8300, 8301, 8302, 8303, 8304, 8305, 8306, 8307, 8308, 8309, 8310, 8311, 8312, 8313, 8314, 8315, 8316, 8334, 8335, 8336, 8337, 8338, 8339, 8340, 8341, 8342, 8343, 8344, 8345, 8346, 8347, 8348, 8349, 8350, 8351, 8352, 8353, 8354, 8355, 8356, 8357, 8358, 8359, 8360, 8361, 8362, 8363, 8364, 8365, 8366, 8367, 8368, 8369, 8370, 8371, 8372, 8373, 8374, 8375, 8376, 8377, 8378, 8379, 8380, 8381, 8382, 8383, 8384, 8385, 8386, 8387, 8388, 8389, 8390, 8391, 8392, 8393, 8394, 8395, 8396, 8397, 8398, 8399, 8400, 8401, 8402, 8403, 8404, 8405, 8406, 8407, 8408, 8409, 8410, 8411, 8425, 8426, 8427, 8428, 8429, 8430, 8431, 8432, 8433, 8434, 8435, 8436, 8437, 8438, 8439, 8440, 8441, 8442, 8443, 8444, 8445, 8446, 8447, 8448, 8449, 8450, 8451, 8452, 8453, 8454, 8455, 8456, 8457, 8458, 8459, 8460, 8461, 8462, 8463, 8464, 8465, 8466, 8467, 8468, 8469, 8470, 8471, 8472, 8473, 8474, 8475, 8476, 8477, 8478, 8479, 8480, 8481, 8482, 8483, 8484, 8485, 8486, 8487, 8502, 8503, 8504, 8505, 8506, 8507, 8508, 8509, 8510, 8511, 8512, 8513, 8514, 8515, 8516, 8517, 8518, 8519, 8520, 8521, 8522, 8523, 8524, 8525, 8526, 8527, 8528, 8529, 8530, 8531, 8532, 8533, 8534, 8535, 8536, 8537, 8538, 8539, 8540, 8541, 8542, 8543, 8544, 8545, 8546, 8547, 8548, 8549, 8550, 8551, 8552, 8553, 8554, 8555, 8556, 8557, 8558, 8559, 8560, 8561, 8573, 8574, 8575, 8576, 8577, 8578, 8579, 8580, 8581, 8582, 8583, 8584, 8585, 8586, 8587, 8588, 8589, 8590, 8591, 8592, 8593, 8594, 8595, 8596, 8597, 8598, 8599, 8600, 8601, 8602, 8603, 8604, 8605, 8606, 8607, 8608, 8609, 8610, 8611, 8612, 8613, 8614, 8615, 8616, 8617, 8618, 8619, 8620, 8621, 8632, 8633, 8634, 8635, 8636, 8637, 8638, 8639, 8640, 8641, 8642, 8643, 8644, 8645, 8646, 8647, 8648, 8649, 8650, 8651, 8652, 8653, 8654, 8655, 8656, 8657, 8658, 8659, 8660, 8661, 8662, 8663, 8664, 8665, 8666, 8667, 8668, 8669, 8673, 8674, 8675, 8676, 8677, 8678, 8679, 8680, 8681, 8682, 8683, 8684, 8685, 8686, 8687, 8688, 8689, 8690, 8691, 8692, 8693, 8694, 8695, 8696, 8698, 8699, 8700, 8701, 8702, 8703, 8704, 8705, 8706, 8707, 8708, 8709, 8710, 8711, 8712, 8713, 8714, 8715, 8716, 8717, 8718, 8719]"
400,1,0,1,0.0,100.0,[4488]
401,1,0,1,0.0,100.0,[4489]
402,2,0,2,0.0,100.0,"[4490, 4492]"
403,1,0,1,0.0,100.0,[4498]
404,1,0,1,0.0,100.0,[4500]
405,2,0,2,0.0,100.0,"[4514, 4562]"
406,1,0,1,0.0,100.0,[4528]
407,1,0,1,0.0,100.0,[4530]
408,1,0,1,0.0,100.0,[4533]
409,1,0,1,0.0,100.0,[4534]
410,1,0,1,0.0,100.0,[4541]
411,1,0,1,0.0,100.0,[4546]
412,1,0,1,0.0,100.0,[4557]
413,4,0,4,0.0,100.0,"[4558, 4559, 4560, 4607]"
414,661,38,623,5.75,94.25,"[4561, 4563, 4564, 4608, 4609, 4610, 4643, 4644, 4646, 4647, 4648, 4649, 4650, 4651, 4652, 4654, 4655, 4656, 4692, 4693, 4694, 4695, 4696, 4697, 4698, 4699, 4700, 4701, 4702, 4703, 4704, 4705, 4706, 4707, 4708, 4709, 4751, 4752, 4753, 4754, 4755, 4756, 4757, 4758, 4759, 4760, 4761, 4762, 4763, 4764, 4765, 4766, 4767, 4768, 4770, 4802, 4803, 4804, 4805, 4806, 4807, 4808, 4809, 4810, 4811, 4812, 4813, 4814, 4815, 4816, 4817, 4818, 4819, 4820, 4821, 4822, 4823, 4824, 4825, 4826, 4827, 4828, 4829, 4830, 4831, 4832, 4833, 4862, 4863, 4864, 4865, 4866, 4867, 4868, 4869, 4870, 4871, 4872, 4873, 4874, 4875, 4876, 4877, 4878, 4879, 4880, 4881, 4882, 4883, 4884, 4885, 4886, 4887, 4888, 4889, 4890, 4891, 4892, 4893, 4894, 4895, 4896, 4897, 4898, 4899, 4900, 4901, 4902, 4903, 4904, 4905, 4906, 4907, 4908, 4953, 4954, 4955, 4956, 4957, 4958, 4959, 4960, 4961, 4962, 4963, 4964, 4965, 4966, 4967, 4968, 4969, 4970, 4971, 4972, 4973, 4974, 4975, 4976, 4977, 4978, 4979, 4980, 4981, 4982, 4983, 4984, 4985, 4986, 4987, 4988, 4989, 4990, 4991, 4992, 4993, 4994, 4995, 4996, 4997, 4998, 4999, 5000, 5001, 5059, 5060, 5061, 5062, 5063, 5064, 5065, 5066, 5067, 5068, 5069, 5070, 5071, 5072, 5073, 5074, 5075, 5076, 5077, 5078, 5079, 5080, 5081, 5082, 5083, 5084, 5085, 5086, 5087, 5088, 5089, 5090, 5091, 5092, 5093, 5094, 5095, 5096, 5097, 5098, 5099, 5100, 5101, 5102, 5103, 5104, 5105, 5106, 5107, 5108, 5109, 5110, 5111, 5112, 5113, 5206, 5207, 5208, 5209, 5210, 5211, 5212, 5213, 5214, 5215, 5216, 5217, 5218, 5219, 5220, 5221, 5222, 5223, 5224, 5225, 5226, 5227, 5228, 5229, 5230, 5231, 5232, 5233, 5234, 5235, 5236, 5237, 5238, 5239, 5240, 5241, 5242, 5243, 5244, 5245, 5246, 5247, 5248, 5249, 5250, 5251, 5252, 5253, 5254, 5255, 5256, 5257, 5258, 5259, 5260, 5261, 5262, 5263, 5264, 5265, 5266, 5267, 5268, 5269, 5270, 5271, 5272, 5273, 5274, 5275, 5276, 5428, 5429, 5430, 5431, 5432, 5433, 5434, 5435, 5436, 5437, 5438, 5439, 5440, 5441, 5442, 5443, 5444, 5445, 5446, 5447, 5448, 5449, 5450, 5451, 5452, 5453, 5454, 5455, 5456, 5457, 5458, 5459, 5460, 5461, 5462, 5463, 5464, 5465, 5466, 5467, 5468, 5469, 5470, 5471, 5472, 5473, 5474, 5475, 5476, 5477, 5478, 5479, 5480, 5481, 5482, 5483, 5484, 5485, 5486, 5487, 5488, 5489, 5490, 5491, 5492, 5493, 5494, 5495, 5496, 5497, 5498, 5499, 5500, 5502, 5503, 5504, 5505, 5506, 5507, 5508, 5724, 5725, 5726, 5727, 5728, 5729, 5730, 5731, 5732, 5733, 5734, 5735, 5736, 5737, 5738, 5739, 5740, 5741, 5742, 5743, 5744, 5745, 5746, 5747, 5748, 5749, 5750, 5751, 5752, 5753, 5754, 5755, 5756, 5757, 5758, 5759, 5760, 5761, 5762, 5763, 5764, 5765, 5766, 5767, 5768, 5769, 5770, 5771, 5772, 5773, 5774, 5775, 5776, 5777, 5778, 5779, 5780, 5781, 5782, 5783, 5784, 5785, 5786, 5787, 5788, 5789, 5790, 5791, 5792, 5793, 5794, 5795, 5796, 5797, 5798, 5799, 5800, 5801, 6000, 6001, 6002, 6003, 6004, 6005, 6006, 6007, 6008, 6009, 6010, 6011, 6012, 6013, 6014, 6015, 6016, 6017, 6018, 6019, 6020, 6021, 6022, 6023, 6024, 6025, 6026, 6027, 6028, 6029, 6030, 6031, 6032, 6033, 6034, 6035, 6036, 6037, 6038, 6039, 6040, 6041, 6042, 6043, 6044, 6045, 6046, 6047, 6048, 6049, 6050, 6051, 6052, 6053, 6054, 6055, 6056, 6057, 6058, 6059, 6060, 6289, 6290, 6291, 6292, 6293, 6294, 6295, 6296, 6297, 6298, 6299, 6300, 6301, 6302, 6303, 6304, 6305, 6306, 6307, 6308, 6309, 6310, 6311, 6312, 6313, 6314, 6315, 6316, 6317, 6318, 6319, 6320, 6321, 6322, 6323, 6324, 6325, 6326, 6327, 6328, 6329, 6330, 6331, 6332, 6333, 6334, 6335, 6336, 6337, 6338, 6339, 6559, 6560, 6561, 6562, 6563, 6564, 6565, 6566, 6567, 6568, 6569, 6570, 6571, 6572, 6573, 6574, 6575, 6576, 6577, 6578, 6579, 6580, 6581, 6582, 6583, 6584, 6585, 6586, 6587, 6588, 6589, 6590, 6591, 6592, 6593, 6594, 6595, 6596, 6597, 6784, 6785, 6786, 6787, 6788, 6790, 6791, 6792, 6793, 6794, 6795, 6796, 6797, 6798, 6799, 6800, 6801, 6802, 6803, 6804, 6805, 6806, 6807, 7007, 7008, 7009, 7010, 7011, 7012, 7013, 7014, 7015, 7016, 7017, 7018, 7019, 7244, 7245, 7246, 7247, 7248, 7249, 7250]"
415,2,0,2,0.0,100.0,"[4565, 4566]"
416,2,0,2,0.0,100.0,"[4583, 4584]"
417,1,0,1,0.0,100.0,[4592]
418,1,0,1,0.0,100.0,[4596]
419,1,0,1,0.0,100.0,[4606]
420,1,0,1,0.0,100.0,[4611]
421,1,0,1,0.0,100.0,[4631]
422,4,0,4,0.0,100.0,"[4633, 4634, 4681, 4683]"
423,1,0,1,0.0,100.0,[4636]
424,1,0,1,0.0,100.0,[4645]
425,1,0,1,0.0,100.0,[4653]
426,12,0,12,0.0,100.0,"[4657, 4658, 4659, 4660, 4661, 4662, 4714, 4715, 4716, 4717, 4719, 4721]"
427,1,0,1,0.0,100.0,[4669]
428,2,0,2,0.0,100.0,"[4670, 4730]"
429,1,0,1,0.0,100.0,[4671]
430,3,0,3,0.0,100.0,"[4675, 4676, 4678]"
431,1,0,1,0.0,100.0,[4684]
432,3,0,3,0.0,100.0,"[4685, 4686, 4688]"
433,2,0,2,0.0,100.0,"[4687, 4746]"
434,4,0,4,0.0,100.0,"[4710, 4711, 4712, 4713]"
435,32,0,32,0.0,100.0,"[4718, 4720, 4722, 4724, 4726, 4773, 4774, 4775, 4776, 4778, 4835, 4836, 4837, 4838, 4839, 4909, 4910, 4911, 4912, 4913, 4914, 4915, 4916, 4917, 4918, 4919, 4920, 5004, 5005, 5006, 5007, 5008]"
436,6,0,6,0.0,100.0,"[4732, 4734, 4736, 4737, 4785, 4787]"
437,1,0,1,0.0,100.0,[4745]
438,1,0,1,0.0,100.0,[4747]
439,1,0,1,0.0,100.0,[4750]
440,1,0,1,0.0,100.0,[4769]
441,1,0,1,0.0,100.0,[4771]
442,1,0,1,0.0,100.0,[4772]
443,1,0,1,0.0,100.0,[4800]
444,1,0,1,0.0,100.0,[4801]
445,1,0,1,0.0,100.0,[4834]
446,2,0,2,0.0,100.0,"[4845, 4846]"
447,1,0,1,0.0,100.0,[4848]
448,1,0,1,0.0,100.0,[4927]
449,7,0,7,0.0,100.0,"[4929, 5025, 5026, 5028, 5030, 5031, 5168]"
450,1,0,1,0.0,100.0,[4950]
451,3,0,3,0.0,100.0,"[4952, 5056, 5057]"
452,26,0,26,0.0,100.0,"[5002, 5003, 5114, 5115, 5116, 5117, 5118, 5119, 5120, 5121, 5122, 5123, 5281, 5282, 5283, 5284, 5285, 5286, 5287, 5288, 5520, 5523, 5525, 5527, 5530, 5532]"
453,2,0,2,0.0,100.0,"[5010, 5011]"
454,13,0,13,0.0,100.0,"[5012, 5131, 5133, 5135, 5138, 5303, 5304, 5306, 5307, 5311, 5548, 5551, 5552]"
455,11,0,11,0.0,100.0,"[5017, 5019, 5020, 5021, 5144, 5149, 5152, 5156, 5329, 5335, 5340]"
456,1,0,1,0.0,100.0,[5018]
457,1,0,1,0.0,100.0,[5022]
458,4,0,4,0.0,100.0,"[5027, 5029, 5165, 5166]"
459,25,0,25,0.0,100.0,"[5045, 5178, 5180, 5182, 5372, 5373, 5376, 5377, 5379, 5655, 5656, 5659, 5660, 5664, 5665, 5668, 5926, 5928, 5932, 5933, 5937, 6213, 6216, 6220, 6478]"
460,2,0,2,0.0,100.0,"[5051, 5052]"
461,1,0,1,0.0,100.0,[5053]
462,46,5,41,10.87,89.13,"[5124, 5125, 5126, 5127, 5128, 5129, 5289, 5290, 5291, 5292, 5293, 5294, 5295, 5296, 5297, 5298, 5299, 5300, 5534, 5536, 5537, 5538, 5539, 5540, 5541, 5542, 5543, 5544, 5545, 5812, 5814, 5815, 5816, 5817, 5818, 5819, 5820, 6070, 6071, 6072, 6073, 6074, 6075, 6076, 6356, 6357]"
463,1,0,1,0.0,100.0,[5145]
464,8,0,8,0.0,100.0,"[5146, 5319, 5320, 5325, 5326, 5568, 5575, 5576]"
465,4,0,4,0.0,100.0,"[5150, 5154, 5159, 5161]"
466,66,1,65,1.52,98.48,"[5153, 5158, 5324, 5331, 5332, 5336, 5337, 5341, 5342, 5345, 5346, 5560, 5561, 5566, 5567, 5573, 5574, 5579, 5580, 5584, 5585, 5589, 5590, 5591, 5595, 5596, 5826, 5828, 5829, 5832, 5833, 5836, 5837, 5841, 5842, 5847, 5848, 5851, 6082, 6083, 6084, 6085, 6086, 6088, 6089, 6094, 6095, 6100, 6101, 6106, 6107, 6112, 6364, 6365, 6366, 6368, 6369, 6372, 6373, 6377, 6378, 6383, 6622, 6624, 6625, 6628]"
467,1,0,1,0.0,100.0,[5157]
468,1,0,1,0.0,100.0,[5167]
469,1,0,1,0.0,100.0,[5187]
470,6,0,6,0.0,100.0,"[5189, 5191, 5391, 5392, 5396, 5400]"
471,11,0,11,0.0,100.0,"[5277, 5278, 5279, 5280, 5510, 5511, 5512, 5513, 5802, 5803, 5804]"
472,1,0,1,0.0,100.0,[5330]
473,2,0,2,0.0,100.0,"[5357, 5359]"
474,1,0,1,0.0,100.0,[5360]
475,1,0,1,0.0,100.0,[5362]
476,1,0,1,0.0,100.0,[5388]
477,2,0,2,0.0,100.0,"[5418, 5420]"
478,1,0,1,0.0,100.0,[5501]
479,1,0,1,0.0,100.0,[5509]
480,22,0,22,0.0,100.0,"[5514, 5515, 5516, 5517, 5518, 5519, 5521, 5522, 5524, 5526, 5528, 5529, 5531, 5533, 5535, 5806, 5807, 5808, 5809, 5810, 5811, 5813]"
481,5,0,5,0.0,100.0,"[5572, 5831, 6087, 6093, 6099]"
482,1,0,1,0.0,100.0,[5625]
483,1,0,1,0.0,100.0,[5672]
484,1,0,1,0.0,100.0,[5678]
485,1,0,1,0.0,100.0,[5685]
486,1,0,1,0.0,100.0,[5693]
487,16,0,16,0.0,100.0,"[5711, 5713, 5986, 5987, 5988, 6272, 6273, 6274, 6276, 6278, 6536, 6538, 6540, 6543, 6764, 6767]"
488,1,0,1,0.0,100.0,[5712]
489,1,0,1,0.0,100.0,[5805]
490,1,0,1,0.0,100.0,[5890]
491,1,0,1,0.0,100.0,[5947]
492,1,0,1,0.0,100.0,[5948]
493,13,0,13,0.0,100.0,"[6061, 6062, 6063, 6065, 6340, 6342, 6345, 6348, 6600, 6601, 6604, 6605, 6608]"
494,176,15,161,8.52,91.48,"[6064, 6066, 6067, 6341, 6343, 6344, 6346, 6347, 6349, 6350, 6351, 6352, 6598, 6599, 6602, 6603, 6606, 6607, 6609, 6610, 6611, 6612, 6614, 6615, 6808, 6809, 6810, 6811, 6812, 6813, 6814, 6815, 6816, 6817, 6818, 6819, 6820, 6821, 6822, 6823, 6824, 6825, 6826, 6827, 6828, 7020, 7021, 7022, 7023, 7024, 7025, 7026, 7027, 7028, 7029, 7030, 7031, 7032, 7033, 7034, 7035, 7036, 7037, 7038, 7039, 7040, 7041, 7042, 7043, 7044, 7045, 7046, 7047, 7048, 7049, 7251, 7252, 7253, 7254, 7255, 7256, 7257, 7258, 7259, 7260, 7261, 7262, 7263, 7264, 7265, 7266, 7267, 7268, 7269, 7270, 7271, 7272, 7273, 7274, 7275, 7276, 7277, 7278, 7279, 7464, 7465, 7466, 7467, 7468, 7469, 7470, 7471, 7472, 7473, 7474, 7475, 7476, 7477, 7478, 7479, 7480, 7481, 7482, 7483, 7484, 7485, 7486, 7487, 7488, 7489, 7490, 7491, 7492, 7493, 7494, 7495, 7496, 7497, 7498, 7664, 7665, 7666, 7667, 7668, 7669, 7670, 7671, 7672, 7673, 7674, 7675, 7676, 7677, 7678, 7679, 7680, 7681, 7682, 7683, 7684, 7848, 7849, 7850, 7851, 7852, 7853, 7854, 7855, 7856, 7857, 7858, 7859, 7860, 8001, 8002, 8003]"
495,5,0,5,0.0,100.0,"[6068, 6069, 6354, 6355, 6618]"
496,6,0,6,0.0,100.0,"[6077, 6078, 6358, 6359, 6360, 6619]"
497,6,0,6,0.0,100.0,"[6079, 6361, 6362, 6363, 6620, 6621]"
498,1,0,1,0.0,100.0,[6081]
499,1,0,1,0.0,100.0,[6231]
500,4,0,4,0.0,100.0,"[6246, 6253, 6258, 6262]"
501,3,0,3,0.0,100.0,"[6353, 6616, 6617]"
502,2,0,2,0.0,100.0,"[6466, 6471]"
503,27,0,27,0.0,100.0,"[6486, 6712, 6716, 6720, 6916, 6921, 6927, 6932, 6937, 7140, 7144, 7148, 7152, 7156, 7358, 7363, 7364, 7368, 7369, 7372, 7562, 7568, 7574, 7580, 7581, 7748, 7754]"
504,1,0,1,0.0,100.0,[6548]
505,1,0,1,0.0,100.0,[6613]
506,3,0,3,0.0,100.0,"[6670, 6870, 6875]"
507,1,0,1,0.0,100.0,[6789]
508,2,0,2,0.0,100.0,"[6920, 6926]"
509,35,0,35,0.0,100.0,"[7050, 7051, 7052, 7053, 7054, 7055, 7056, 7280, 7281, 7282, 7283, 7284, 7285, 7286, 7287, 7288, 7499, 7500, 7501, 7502, 7503, 7504, 7505, 7685, 7687, 7688, 7689, 7690, 7861, 7863, 7864, 8004, 8005, 8006, 8123]"
510,1,0,1,0.0,100.0,[7070]
511,5,0,5,0.0,100.0,"[7089, 7092, 7096, 7317, 7321]"
512,1,0,1,0.0,100.0,[7123]
513,1,0,1,0.0,100.0,[7141]
514,1,0,1,0.0,100.0,[7299]
515,59,0,59,0.0,100.0,"[7316, 7332, 7337, 7533, 7537, 7545, 7548, 7723, 7727, 7730, 7882, 7888, 7892, 8014, 8017, 8129, 8131, 8133, 8230, 8231, 8232, 8233, 8234, 8235, 8237, 8325, 8326, 8327, 8328, 8329, 8330, 8331, 8332, 8333, 8419, 8420, 8421, 8422, 8423, 8424, 8494, 8495, 8496, 8497, 8498, 8499, 8500, 8501, 8568, 8569, 8570, 8571, 8572, 8628, 8629, 8630, 8631, 8671, 8672]"
516,12,0,12,0.0,100.0,"[7511, 7514, 7517, 7520, 7522, 7695, 7698, 7701, 7704, 7705, 7706, 7707]"
517,13,0,13,0.0,100.0,"[7523, 7524, 7525, 7526, 7708, 7709, 7710, 7711, 7713, 7873, 7874, 7875, 8009]"
518,2,0,2,0.0,100.0,"[7553, 7555]"
519,1,0,1,0.0,100.0,[7575]
520,2,0,2,0.0,100.0,"[7686, 7862]"
521,1,0,1,0.0,100.0,[7691]
522,10,0,10,0.0,100.0,"[7712, 7714, 7717, 7720, 7724, 7876, 7877, 7879, 7883, 7885]"
523,1,0,1,0.0,100.0,[7749]
524,1,0,1,0.0,100.0,[7765]
525,5,0,5,0.0,100.0,"[7772, 7776, 7779, 7782, 7785]"
526,1,0,1,0.0,100.0,[7806]
527,45,0,45,0.0,100.0,"[7865, 7866, 8007, 8008, 8124, 8125, 8126, 8127, 8226, 8227, 8228, 8229, 8318, 8319, 8320, 8321, 8322, 8323, 8324, 8412, 8413, 8414, 8415, 8416, 8417, 8418, 8488, 8489, 8490, 8491, 8492, 8493, 8562, 8563, 8564, 8565, 8566, 8567, 8622, 8623, 8624, 8625, 8626, 8627, 8670]"
528,2,0,2,0.0,100.0,"[7867, 7868]"
529,3,0,3,0.0,100.0,"[7922, 7926, 7930]"
530,2,0,2,0.0,100.0,"[7941, 7943]"
531,2,0,2,0.0,100.0,"[8100, 8221]"
532,4,0,4,0.0,100.0,"[8121, 8224, 8225, 8317]"
533,1,0,1,0.0,100.0,[8122]
534,1,0,1,0.0,100.0,[8145]
535,1,0,1,0.0,100.0,[8697]
